traj,state_id,model,condition,task_type,source,time_to_first_clean,censored,last_influenced_turn,relapse
mock_mid|S001|natural|r0|P1|same_topic|r0,mock_mid|S001|natural|r0,mock_mid,P1,same_topic,natural,0,False,5,True
mock_mid|S001|natural|r0|P1|same_topic|r1,mock_mid|S001|natural|r0,mock_mid,P1,same_topic,natural,0,False,6,True
mock_mid|S001|natural|r0|P2|same_topic|r0,mock_mid|S001|natural|r0,mock_mid,P2,same_topic,natural,0,False,0,False
mock_mid|S001|natural|r0|P2|same_topic|r1,mock_mid|S001|natural|r0,mock_mid,P2,same_topic,natural,0,False,0,False
mock_mid|S001|natural|r0|P2|unrelated|r0,mock_mid|S001|natural|r0,mock_mid,P2,unrelated,natural,0,False,0,False
mock_mid|S001|natural|r0|P2|unrelated|r1,mock_mid|S001|natural|r0,mock_mid,P2,unrelated,natural,0,False,0,False
mock_mid|S001|natural|r0|P3|same_topic|r0,mock_mid|S001|natural|r0,mock_mid,P3,same_topic,natural,0,False,0,False
mock_mid|S001|natural|r0|P3|same_topic|r1,mock_mid|S001|natural|r0,mock_mid,P3,same_topic,natural,0,False,0,False
mock_mid|S001|natural|r0|P3|unrelated|r0,mock_mid|S001|natural|r0,mock_mid,P3,unrelated,natural,0,False,0,False
mock_mid|S001|natural|r0|P3|unrelated|r1,mock_mid|S001|natural|r0,mock_mid,P3,unrelated,natural,0,False,0,False
mock_mid|S001|natural|r0|P4|same_topic|r0,mock_mid|S001|natural|r0,mock_mid,P4,same_topic,natural,0,False,0,False
mock_mid|S001|natural|r0|P4|same_topic|r1,mock_mid|S001|natural|r0,mock_mid,P4,same_topic,natural,0,False,0,False
mock_mid|S001|natural|r1|P1|same_topic|r0,mock_mid|S001|natural|r1,mock_mid,P1,same_topic,natural,0,False,3,True
mock_mid|S001|natural|r1|P1|same_topic|r1,mock_mid|S001|natural|r1,mock_mid,P1,same_topic,natural,0,False,5,True
mock_mid|S001|natural|r1|P2|same_topic|r0,mock_mid|S001|natural|r1,mock_mid,P2,same_topic,natural,0,False,0,False
mock_mid|S001|natural|r1|P2|same_topic|r1,mock_mid|S001|natural|r1,mock_mid,P2,same_topic,natural,0,False,0,False
mock_mid|S001|natural|r1|P2|unrelated|r0,mock_mid|S001|natural|r1,mock_mid,P2,unrelated,natural,0,False,0,False
mock_mid|S001|natural|r1|P2|unrelated|r1,mock_mid|S001|natural|r1,mock_mid,P2,unrelated,natural,0,False,0,False
mock_mid|S001|natural|r1|P3|same_topic|r0,mock_mid|S001|natural|r1,mock_mid,P3,same_topic,natural,0,False,0,False
mock_mid|S001|natural|r1|P3|same_topic|r1,mock_mid|S001|natural|r1,mock_mid,P3,same_topic,natural,0,False,0,False
mock_mid|S001|natural|r1|P3|unrelated|r0,mock_mid|S001|natural|r1,mock_mid,P3,unrelated,natural,0,False,0,False
mock_mid|S001|natural|r1|P3|unrelated|r1,mock_mid|S001|natural|r1,mock_mid,P3,unrelated,natural,0,False,0,False
mock_mid|S001|natural|r1|P4|same_topic|r0,mock_mid|S001|natural|r1,mock_mid,P4,same_topic,natural,0,False,0,False
mock_mid|S001|natural|r1|P4|same_topic|r1,mock_mid|S001|natural|r1,mock_mid,P4,same_topic,natural,0,False,0,False
mock_mid|S002|natural|r0|P1|same_topic|r0,mock_mid|S002|natural|r0,mock_mid,P1,same_topic,natural,1,False,6,True
mock_mid|S002|natural|r0|P1|same_topic|r1,mock_mid|S002|natural|r0,mock_mid,P1,same_topic,natural,0,False,6,True
mock_mid|S002|natural|r0|P2|same_topic|r0,mock_mid|S002|natural|r0,mock_mid,P2,same_topic,natural,0,False,0,False
mock_mid|S002|natural|r0|P2|same_topic|r1,mock_mid|S002|natural|r0,mock_mid,P2,same_topic,natural,0,False,0,False
mock_mid|S002|natural|r0|P2|unrelated|r0,mock_mid|S002|natural|r0,mock_mid,P2,unrelated,natural,0,False,0,False
mock_mid|S002|natural|r0|P2|unrelated|r1,mock_mid|S002|natural|r0,mock_mid,P2,unrelated,natural,0,False,0,False
mock_mid|S002|natural|r0|P3|same_topic|r0,mock_mid|S002|natural|r0,mock_mid,P3,same_topic,natural,0,False,0,False
mock_mid|S002|natural|r0|P3|same_topic|r1,mock_mid|S002|natural|r0,mock_mid,P3,same_topic,natural,0,False,4,True
mock_mid|S002|natural|r0|P3|unrelated|r0,mock_mid|S002|natural|r0,mock_mid,P3,unrelated,natural,0,False,0,False
mock_mid|S002|natural|r0|P3|unrelated|r1,mock_mid|S002|natural|r0,mock_mid,P3,unrelated,natural,0,False,6,True
mock_mid|S002|natural|r0|P4|same_topic|r0,mock_mid|S002|natural|r0,mock_mid,P4,same_topic,natural,0,False,0,False
mock_mid|S002|natural|r0|P4|same_topic|r1,mock_mid|S002|natural|r0,mock_mid,P4,same_topic,natural,0,False,0,False
mock_mid|S003|natural|r1|P1|same_topic|r0,mock_mid|S003|natural|r1,mock_mid,P1,same_topic,natural,1,False,5,True
mock_mid|S003|natural|r1|P1|same_topic|r1,mock_mid|S003|natural|r1,mock_mid,P1,same_topic,natural,1,False,3,True
mock_mid|S003|natural|r1|P2|same_topic|r0,mock_mid|S003|natural|r1,mock_mid,P2,same_topic,natural,0,False,0,False
mock_mid|S003|natural|r1|P2|same_topic|r1,mock_mid|S003|natural|r1,mock_mid,P2,same_topic,natural,0,False,0,False
mock_mid|S003|natural|r1|P3|same_topic|r0,mock_mid|S003|natural|r1,mock_mid,P3,same_topic,natural,1,False,5,True
mock_mid|S003|natural|r1|P3|same_topic|r1,mock_mid|S003|natural|r1,mock_mid,P3,same_topic,natural,0,False,0,False
mock_mid|S003|natural|r1|P4|same_topic|r0,mock_mid|S003|natural|r1,mock_mid,P4,same_topic,natural,0,False,0,False
mock_mid|S003|natural|r1|P4|same_topic|r1,mock_mid|S003|natural|r1,mock_mid,P4,same_topic,natural,0,False,0,False
mock_mid|S005|natural|r1|P1|same_topic|r0,mock_mid|S005|natural|r1,mock_mid,P1,same_topic,natural,6,True,6,False
mock_mid|S005|natural|r1|P1|same_topic|r1,mock_mid|S005|natural|r1,mock_mid,P1,same_topic,natural,0,False,6,True
mock_mid|S005|natural|r1|P2|same_topic|r0,mock_mid|S005|natural|r1,mock_mid,P2,same_topic,natural,0,False,6,True
mock_mid|S005|natural|r1|P2|same_topic|r1,mock_mid|S005|natural|r1,mock_mid,P2,same_topic,natural,6,True,6,False
mock_mid|S005|natural|r1|P2|unrelated|r0,mock_mid|S005|natural|r1,mock_mid,P2,unrelated,natural,0,False,0,False
mock_mid|S005|natural|r1|P2|unrelated|r1,mock_mid|S005|natural|r1,mock_mid,P2,unrelated,natural,0,False,2,True
mock_mid|S005|natural|r1|P3|same_topic|r0,mock_mid|S005|natural|r1,mock_mid,P3,same_topic,natural,0,False,0,False
mock_mid|S005|natural|r1|P3|same_topic|r1,mock_mid|S005|natural|r1,mock_mid,P3,same_topic,natural,0,False,6,True
mock_mid|S005|natural|r1|P3|unrelated|r0,mock_mid|S005|natural|r1,mock_mid,P3,unrelated,natural,0,False,0,False
mock_mid|S005|natural|r1|P3|unrelated|r1,mock_mid|S005|natural|r1,mock_mid,P3,unrelated,natural,0,False,6,True
mock_mid|S005|natural|r1|P4|same_topic|r0,mock_mid|S005|natural|r1,mock_mid,P4,same_topic,natural,0,False,0,False
mock_mid|S005|natural|r1|P4|same_topic|r1,mock_mid|S005|natural|r1,mock_mid,P4,same_topic,natural,0,False,0,False
mock_mid|S006|natural|r0|P1|same_topic|r0,mock_mid|S006|natural|r0,mock_mid,P1,same_topic,natural,1,False,5,True
mock_mid|S006|natural|r0|P1|same_topic|r1,mock_mid|S006|natural|r0,mock_mid,P1,same_topic,natural,0,False,5,True
mock_mid|S006|natural|r0|P2|same_topic|r0,mock_mid|S006|natural|r0,mock_mid,P2,same_topic,natural,0,False,0,False
mock_mid|S006|natural|r0|P2|same_topic|r1,mock_mid|S006|natural|r0,mock_mid,P2,same_topic,natural,0,False,0,False
mock_mid|S006|natural|r0|P2|unrelated|r0,mock_mid|S006|natural|r0,mock_mid,P2,unrelated,natural,0,False,0,False
mock_mid|S006|natural|r0|P2|unrelated|r1,mock_mid|S006|natural|r0,mock_mid,P2,unrelated,natural,0,False,0,False
mock_mid|S006|natural|r0|P3|same_topic|r0,mock_mid|S006|natural|r0,mock_mid,P3,same_topic,natural,0,False,0,False
mock_mid|S006|natural|r0|P3|same_topic|r1,mock_mid|S006|natural|r0,mock_mid,P3,same_topic,natural,0,False,0,False
mock_mid|S006|natural|r0|P3|unrelated|r0,mock_mid|S006|natural|r0,mock_mid,P3,unrelated,natural,0,False,0,False
mock_mid|S006|natural|r0|P3|unrelated|r1,mock_mid|S006|natural|r0,mock_mid,P3,unrelated,natural,0,False,0,False
mock_mid|S006|natural|r0|P4|same_topic|r0,mock_mid|S006|natural|r0,mock_mid,P4,same_topic,natural,0,False,0,False
mock_mid|S006|natural|r0|P4|same_topic|r1,mock_mid|S006|natural|r0,mock_mid,P4,same_topic,natural,0,False,0,False
mock_mid|S006|natural|r1|P1|same_topic|r0,mock_mid|S006|natural|r1,mock_mid,P1,same_topic,natural,0,False,6,True
mock_mid|S006|natural|r1|P1|same_topic|r1,mock_mid|S006|natural|r1,mock_mid,P1,same_topic,natural,0,False,6,True
mock_mid|S006|natural|r1|P2|same_topic|r0,mock_mid|S006|natural|r1,mock_mid,P2,same_topic,natural,0,False,0,False
mock_mid|S006|natural|r1|P2|same_topic|r1,mock_mid|S006|natural|r1,mock_mid,P2,same_topic,natural,0,False,0,False
mock_mid|S006|natural|r1|P2|unrelated|r0,mock_mid|S006|natural|r1,mock_mid,P2,unrelated,natural,0,False,0,False
mock_mid|S006|natural|r1|P2|unrelated|r1,mock_mid|S006|natural|r1,mock_mid,P2,unrelated,natural,0,False,0,False
mock_mid|S006|natural|r1|P3|same_topic|r0,mock_mid|S006|natural|r1,mock_mid,P3,same_topic,natural,0,False,0,False
mock_mid|S006|natural|r1|P3|same_topic|r1,mock_mid|S006|natural|r1,mock_mid,P3,same_topic,natural,0,False,0,False
mock_mid|S006|natural|r1|P3|unrelated|r0,mock_mid|S006|natural|r1,mock_mid,P3,unrelated,natural,0,False,0,False
mock_mid|S006|natural|r1|P3|unrelated|r1,mock_mid|S006|natural|r1,mock_mid,P3,unrelated,natural,0,False,0,False
mock_mid|S006|natural|r1|P4|same_topic|r0,mock_mid|S006|natural|r1,mock_mid,P4,same_topic,natural,0,False,0,False
mock_mid|S006|natural|r1|P4|same_topic|r1,mock_mid|S006|natural|r1,mock_mid,P4,same_topic,natural,0,False,0,False
mock_mid|S007|natural|r0|P1|same_topic|r0,mock_mid|S007|natural|r0,mock_mid,P1,same_topic,natural,2,False,6,True
mock_mid|S007|natural|r0|P1|same_topic|r1,mock_mid|S007|natural|r0,mock_mid,P1,same_topic,natural,0,False,6,True
mock_mid|S007|natural|r0|P2|same_topic|r0,mock_mid|S007|natural|r0,mock_mid,P2,same_topic,natural,0,False,0,False
mock_mid|S007|natural|r0|P2|same_topic|r1,mock_mid|S007|natural|r0,mock_mid,P2,same_topic,natural,0,False,0,False
mock_mid|S007|natural|r0|P2|unrelated|r0,mock_mid|S007|natural|r0,mock_mid,P2,unrelated,natural,0,False,0,False
mock_mid|S007|natural|r0|P2|unrelated|r1,mock_mid|S007|natural|r0,mock_mid,P2,unrelated,natural,0,False,0,False
mock_mid|S007|natural|r0|P3|same_topic|r0,mock_mid|S007|natural|r0,mock_mid,P3,same_topic,natural,0,False,0,False
mock_mid|S007|natural|r0|P3|same_topic|r1,mock_mid|S007|natural|r0,mock_mid,P3,same_topic,natural,0,False,0,False
mock_mid|S007|natural|r0|P3|unrelated|r0,mock_mid|S007|natural|r0,mock_mid,P3,unrelated,natural,0,False,0,False
mock_mid|S007|natural|r0|P3|unrelated|r1,mock_mid|S007|natural|r0,mock_mid,P3,unrelated,natural,0,False,0,False
mock_mid|S007|natural|r0|P4|same_topic|r0,mock_mid|S007|natural|r0,mock_mid,P4,same_topic,natural,0,False,0,False
mock_mid|S007|natural|r0|P4|same_topic|r1,mock_mid|S007|natural|r0,mock_mid,P4,same_topic,natural,0,False,0,False
mock_mid|S010|natural|r0|P1|same_topic|r0,mock_mid|S010|natural|r0,mock_mid,P1,same_topic,natural,0,False,6,True
mock_mid|S010|natural|r0|P1|same_topic|r1,mock_mid|S010|natural|r0,mock_mid,P1,same_topic,natural,1,False,4,True
mock_mid|S010|natural|r0|P2|same_topic|r0,mock_mid|S010|natural|r0,mock_mid,P2,same_topic,natural,0,False,0,False
mock_mid|S010|natural|r0|P2|same_topic|r1,mock_mid|S010|natural|r0,mock_mid,P2,same_topic,natural,0,False,0,False
mock_mid|S010|natural|r0|P2|unrelated|r0,mock_mid|S010|natural|r0,mock_mid,P2,unrelated,natural,0,False,0,False
mock_mid|S010|natural|r0|P2|unrelated|r1,mock_mid|S010|natural|r0,mock_mid,P2,unrelated,natural,0,False,0,False
mock_mid|S010|natural|r0|P3|same_topic|r0,mock_mid|S010|natural|r0,mock_mid,P3,same_topic,natural,0,False,0,False
mock_mid|S010|natural|r0|P3|same_topic|r1,mock_mid|S010|natural|r0,mock_mid,P3,same_topic,natural,0,False,0,False
mock_mid|S010|natural|r0|P3|unrelated|r0,mock_mid|S010|natural|r0,mock_mid,P3,unrelated,natural,0,False,0,False
mock_mid|S010|natural|r0|P3|unrelated|r1,mock_mid|S010|natural|r0,mock_mid,P3,unrelated,natural,0,False,0,False
mock_mid|S010|natural|r0|P4|same_topic|r0,mock_mid|S010|natural|r0,mock_mid,P4,same_topic,natural,0,False,0,False
mock_mid|S010|natural|r0|P4|same_topic|r1,mock_mid|S010|natural|r0,mock_mid,P4,same_topic,natural,0,False,0,False
mock_mid|S012|natural|r0|P1|same_topic|r0,mock_mid|S012|natural|r0,mock_mid,P1,same_topic,natural,0,False,4,True
mock_mid|S012|natural|r0|P1|same_topic|r1,mock_mid|S012|natural|r0,mock_mid,P1,same_topic,natural,2,False,6,True
mock_mid|S012|natural|r0|P2|same_topic|r0,mock_mid|S012|natural|r0,mock_mid,P2,same_topic,natural,0,False,0,False
mock_mid|S012|natural|r0|P2|same_topic|r1,mock_mid|S012|natural|r0,mock_mid,P2,same_topic,natural,0,False,0,False
mock_mid|S012|natural|r0|P2|unrelated|r0,mock_mid|S012|natural|r0,mock_mid,P2,unrelated,natural,0,False,0,False
mock_mid|S012|natural|r0|P2|unrelated|r1,mock_mid|S012|natural|r0,mock_mid,P2,unrelated,natural,0,False,0,False
mock_mid|S012|natural|r0|P3|same_topic|r0,mock_mid|S012|natural|r0,mock_mid,P3,same_topic,natural,0,False,0,False
mock_mid|S012|natural|r0|P3|same_topic|r1,mock_mid|S012|natural|r0,mock_mid,P3,same_topic,natural,0,False,0,False
mock_mid|S012|natural|r0|P3|unrelated|r0,mock_mid|S012|natural|r0,mock_mid,P3,unrelated,natural,0,False,0,False
mock_mid|S012|natural|r0|P3|unrelated|r1,mock_mid|S012|natural|r0,mock_mid,P3,unrelated,natural,0,False,0,False
mock_mid|S012|natural|r0|P4|same_topic|r0,mock_mid|S012|natural|r0,mock_mid,P4,same_topic,natural,0,False,0,False
mock_mid|S012|natural|r0|P4|same_topic|r1,mock_mid|S012|natural|r0,mock_mid,P4,same_topic,natural,0,False,0,False
mock_mid|S012|natural|r1|P1|same_topic|r0,mock_mid|S012|natural|r1,mock_mid,P1,same_topic,natural,0,False,6,True
mock_mid|S012|natural|r1|P1|same_topic|r1,mock_mid|S012|natural|r1,mock_mid,P1,same_topic,natural,1,False,6,True
mock_mid|S012|natural|r1|P2|same_topic|r0,mock_mid|S012|natural|r1,mock_mid,P2,same_topic,natural,0,False,0,False
mock_mid|S012|natural|r1|P2|same_topic|r1,mock_mid|S012|natural|r1,mock_mid,P2,same_topic,natural,0,False,0,False
mock_mid|S012|natural|r1|P2|unrelated|r0,mock_mid|S012|natural|r1,mock_mid,P2,unrelated,natural,0,False,0,False
mock_mid|S012|natural|r1|P2|unrelated|r1,mock_mid|S012|natural|r1,mock_mid,P2,unrelated,natural,0,False,0,False
mock_mid|S012|natural|r1|P3|same_topic|r0,mock_mid|S012|natural|r1,mock_mid,P3,same_topic,natural,0,False,0,False
mock_mid|S012|natural|r1|P3|same_topic|r1,mock_mid|S012|natural|r1,mock_mid,P3,same_topic,natural,0,False,0,False
mock_mid|S012|natural|r1|P3|unrelated|r0,mock_mid|S012|natural|r1,mock_mid,P3,unrelated,natural,0,False,0,False
mock_mid|S012|natural|r1|P3|unrelated|r1,mock_mid|S012|natural|r1,mock_mid,P3,unrelated,natural,0,False,0,False
mock_mid|S012|natural|r1|P4|same_topic|r0,mock_mid|S012|natural|r1,mock_mid,P4,same_topic,natural,0,False,0,False
mock_mid|S012|natural|r1|P4|same_topic|r1,mock_mid|S012|natural|r1,mock_mid,P4,same_topic,natural,0,False,0,False
mock_mid|S015|natural|r0|P1|same_topic|r0,mock_mid|S015|natural|r0,mock_mid,P1,same_topic,natural,1,False,1,False
mock_mid|S015|natural|r0|P1|same_topic|r1,mock_mid|S015|natural|r0,mock_mid,P1,same_topic,natural,1,False,4,True
mock_mid|S015|natural|r0|P2|same_topic|r0,mock_mid|S015|natural|r0,mock_mid,P2,same_topic,natural,0,False,0,False
mock_mid|S015|natural|r0|P2|same_topic|r1,mock_mid|S015|natural|r0,mock_mid,P2,same_topic,natural,0,False,0,False
mock_mid|S015|natural|r0|P2|unrelated|r0,mock_mid|S015|natural|r0,mock_mid,P2,unrelated,natural,0,False,0,False
mock_mid|S015|natural|r0|P2|unrelated|r1,mock_mid|S015|natural|r0,mock_mid,P2,unrelated,natural,0,False,0,False
mock_mid|S015|natural|r0|P3|same_topic|r0,mock_mid|S015|natural|r0,mock_mid,P3,same_topic,natural,0,False,0,False
mock_mid|S015|natural|r0|P3|same_topic|r1,mock_mid|S015|natural|r0,mock_mid,P3,same_topic,natural,0,False,0,False
mock_mid|S015|natural|r0|P3|unrelated|r0,mock_mid|S015|natural|r0,mock_mid,P3,unrelated,natural,0,False,0,False
mock_mid|S015|natural|r0|P3|unrelated|r1,mock_mid|S015|natural|r0,mock_mid,P3,unrelated,natural,0,False,0,False
mock_mid|S015|natural|r0|P4|same_topic|r0,mock_mid|S015|natural|r0,mock_mid,P4,same_topic,natural,0,False,0,False
mock_mid|S015|natural|r0|P4|same_topic|r1,mock_mid|S015|natural|r0,mock_mid,P4,same_topic,natural,0,False,0,False
mock_mid|S015|natural|r1|P1|same_topic|r0,mock_mid|S015|natural|r1,mock_mid,P1,same_topic,natural,1,False,5,True
mock_mid|S015|natural|r1|P1|same_topic|r1,mock_mid|S015|natural|r1,mock_mid,P1,same_topic,natural,3,False,6,True
mock_mid|S015|natural|r1|P2|same_topic|r0,mock_mid|S015|natural|r1,mock_mid,P2,same_topic,natural,0,False,0,False
mock_mid|S015|natural|r1|P2|same_topic|r1,mock_mid|S015|natural|r1,mock_mid,P2,same_topic,natural,0,False,0,False
mock_mid|S015|natural|r1|P2|unrelated|r0,mock_mid|S015|natural|r1,mock_mid,P2,unrelated,natural,0,False,0,False
mock_mid|S015|natural|r1|P2|unrelated|r1,mock_mid|S015|natural|r1,mock_mid,P2,unrelated,natural,0,False,0,False
mock_mid|S015|natural|r1|P3|same_topic|r0,mock_mid|S015|natural|r1,mock_mid,P3,same_topic,natural,0,False,0,False
mock_mid|S015|natural|r1|P3|same_topic|r1,mock_mid|S015|natural|r1,mock_mid,P3,same_topic,natural,0,False,0,False
mock_mid|S015|natural|r1|P3|unrelated|r0,mock_mid|S015|natural|r1,mock_mid,P3,unrelated,natural,0,False,0,False
mock_mid|S015|natural|r1|P3|unrelated|r1,mock_mid|S015|natural|r1,mock_mid,P3,unrelated,natural,0,False,0,False
mock_mid|S015|natural|r1|P4|same_topic|r0,mock_mid|S015|natural|r1,mock_mid,P4,same_topic,natural,0,False,0,False
mock_mid|S015|natural|r1|P4|same_topic|r1,mock_mid|S015|natural|r1,mock_mid,P4,same_topic,natural,0,False,0,False
mock_mid|S016|natural|r0|P1|same_topic|r0,mock_mid|S016|natural|r0,mock_mid,P1,same_topic,natural,1,False,5,True
mock_mid|S016|natural|r0|P1|same_topic|r1,mock_mid|S016|natural|r0,mock_mid,P1,same_topic,natural,1,False,5,True
mock_mid|S016|natural|r0|P2|same_topic|r0,mock_mid|S016|natural|r0,mock_mid,P2,same_topic,natural,0,False,0,False
mock_mid|S016|natural|r0|P2|same_topic|r1,mock_mid|S016|natural|r0,mock_mid,P2,same_topic,natural,0,False,0,False
mock_mid|S016|natural|r0|P2|unrelated|r0,mock_mid|S016|natural|r0,mock_mid,P2,unrelated,natural,0,False,0,False
mock_mid|S016|natural|r0|P2|unrelated|r1,mock_mid|S016|natural|r0,mock_mid,P2,unrelated,natural,0,False,0,False
mock_mid|S016|natural|r0|P3|same_topic|r0,mock_mid|S016|natural|r0,mock_mid,P3,same_topic,natural,0,False,0,False
mock_mid|S016|natural|r0|P3|same_topic|r1,mock_mid|S016|natural|r0,mock_mid,P3,same_topic,natural,0,False,0,False
mock_mid|S016|natural|r0|P3|unrelated|r0,mock_mid|S016|natural|r0,mock_mid,P3,unrelated,natural,0,False,0,False
mock_mid|S016|natural|r0|P3|unrelated|r1,mock_mid|S016|natural|r0,mock_mid,P3,unrelated,natural,0,False,0,False
mock_mid|S016|natural|r0|P4|same_topic|r0,mock_mid|S016|natural|r0,mock_mid,P4,same_topic,natural,0,False,0,False
mock_mid|S016|natural|r0|P4|same_topic|r1,mock_mid|S016|natural|r0,mock_mid,P4,same_topic,natural,0,False,0,False
mock_mid|S016|natural|r1|P1|same_topic|r0,mock_mid|S016|natural|r1,mock_mid,P1,same_topic,natural,1,False,4,True
mock_mid|S016|natural|r1|P1|same_topic|r1,mock_mid|S016|natural|r1,mock_mid,P1,same_topic,natural,0,False,6,True
mock_mid|S016|natural|r1|P2|same_topic|r0,mock_mid|S016|natural|r1,mock_mid,P2,same_topic,natural,0,False,0,False
mock_mid|S016|natural|r1|P2|same_topic|r1,mock_mid|S016|natural|r1,mock_mid,P2,same_topic,natural,0,False,0,False
mock_mid|S016|natural|r1|P2|unrelated|r0,mock_mid|S016|natural|r1,mock_mid,P2,unrelated,natural,0,False,0,False
mock_mid|S016|natural|r1|P2|unrelated|r1,mock_mid|S016|natural|r1,mock_mid,P2,unrelated,natural,0,False,0,False
mock_mid|S016|natural|r1|P3|same_topic|r0,mock_mid|S016|natural|r1,mock_mid,P3,same_topic,natural,0,False,0,False
mock_mid|S016|natural|r1|P3|same_topic|r1,mock_mid|S016|natural|r1,mock_mid,P3,same_topic,natural,0,False,0,False
mock_mid|S016|natural|r1|P3|unrelated|r0,mock_mid|S016|natural|r1,mock_mid,P3,unrelated,natural,0,False,0,False
mock_mid|S016|natural|r1|P3|unrelated|r1,mock_mid|S016|natural|r1,mock_mid,P3,unrelated,natural,0,False,0,False
mock_mid|S016|natural|r1|P4|same_topic|r0,mock_mid|S016|natural|r1,mock_mid,P4,same_topic,natural,0,False,0,False
mock_mid|S016|natural|r1|P4|same_topic|r1,mock_mid|S016|natural|r1,mock_mid,P4,same_topic,natural,0,False,0,False
mock_mid|S019|natural|r0|P1|same_topic|r0,mock_mid|S019|natural|r0,mock_mid,P1,same_topic,natural,0,False,6,True
mock_mid|S019|natural|r0|P1|same_topic|r1,mock_mid|S019|natural|r0,mock_mid,P1,same_topic,natural,4,False,6,True
mock_mid|S019|natural|r0|P2|same_topic|r0,mock_mid|S019|natural|r0,mock_mid,P2,same_topic,natural,0,False,0,False
mock_mid|S019|natural|r0|P2|same_topic|r1,mock_mid|S019|natural|r0,mock_mid,P2,same_topic,natural,0,False,0,False
mock_mid|S019|natural|r0|P2|unrelated|r0,mock_mid|S019|natural|r0,mock_mid,P2,unrelated,natural,0,False,0,False
mock_mid|S019|natural|r0|P2|unrelated|r1,mock_mid|S019|natural|r0,mock_mid,P2,unrelated,natural,0,False,0,False
mock_mid|S019|natural|r0|P3|same_topic|r0,mock_mid|S019|natural|r0,mock_mid,P3,same_topic,natural,0,False,0,False
mock_mid|S019|natural|r0|P3|same_topic|r1,mock_mid|S019|natural|r0,mock_mid,P3,same_topic,natural,0,False,0,False
mock_mid|S019|natural|r0|P3|unrelated|r0,mock_mid|S019|natural|r0,mock_mid,P3,unrelated,natural,0,False,0,False
mock_mid|S019|natural|r0|P3|unrelated|r1,mock_mid|S019|natural|r0,mock_mid,P3,unrelated,natural,0,False,0,False
mock_mid|S019|natural|r0|P4|same_topic|r0,mock_mid|S019|natural|r0,mock_mid,P4,same_topic,natural,0,False,0,False
mock_mid|S019|natural|r0|P4|same_topic|r1,mock_mid|S019|natural|r0,mock_mid,P4,same_topic,natural,0,False,0,False
mock_mid|S019|natural|r1|P1|same_topic|r0,mock_mid|S019|natural|r1,mock_mid,P1,same_topic,natural,0,False,5,True
mock_mid|S019|natural|r1|P1|same_topic|r1,mock_mid|S019|natural|r1,mock_mid,P1,same_topic,natural,0,False,6,True
mock_mid|S019|natural|r1|P2|same_topic|r0,mock_mid|S019|natural|r1,mock_mid,P2,same_topic,natural,0,False,0,False
mock_mid|S019|natural|r1|P2|same_topic|r1,mock_mid|S019|natural|r1,mock_mid,P2,same_topic,natural,0,False,0,False
mock_mid|S019|natural|r1|P2|unrelated|r0,mock_mid|S019|natural|r1,mock_mid,P2,unrelated,natural,0,False,0,False
mock_mid|S019|natural|r1|P2|unrelated|r1,mock_mid|S019|natural|r1,mock_mid,P2,unrelated,natural,0,False,0,False
mock_mid|S019|natural|r1|P3|same_topic|r0,mock_mid|S019|natural|r1,mock_mid,P3,same_topic,natural,0,False,0,False
mock_mid|S019|natural|r1|P3|same_topic|r1,mock_mid|S019|natural|r1,mock_mid,P3,same_topic,natural,0,False,0,False
mock_mid|S019|natural|r1|P3|unrelated|r0,mock_mid|S019|natural|r1,mock_mid,P3,unrelated,natural,0,False,0,False
mock_mid|S019|natural|r1|P3|unrelated|r1,mock_mid|S019|natural|r1,mock_mid,P3,unrelated,natural,0,False,0,False
mock_mid|S019|natural|r1|P4|same_topic|r0,mock_mid|S019|natural|r1,mock_mid,P4,same_topic,natural,0,False,0,False
mock_mid|S019|natural|r1|P4|same_topic|r1,mock_mid|S019|natural|r1,mock_mid,P4,same_topic,natural,0,False,0,False
mock_mid|S022|natural|r0|P1|same_topic|r0,mock_mid|S022|natural|r0,mock_mid,P1,same_topic,natural,4,False,4,False
mock_mid|S022|natural|r0|P1|same_topic|r1,mock_mid|S022|natural|r0,mock_mid,P1,same_topic,natural,0,False,6,True
mock_mid|S022|natural|r0|P2|same_topic|r0,mock_mid|S022|natural|r0,mock_mid,P2,same_topic,natural,0,False,0,False
mock_mid|S022|natural|r0|P2|same_topic|r1,mock_mid|S022|natural|r0,mock_mid,P2,same_topic,natural,0,False,0,False
mock_mid|S022|natural|r0|P2|unrelated|r0,mock_mid|S022|natural|r0,mock_mid,P2,unrelated,natural,0,False,0,False
mock_mid|S022|natural|r0|P2|unrelated|r1,mock_mid|S022|natural|r0,mock_mid,P2,unrelated,natural,0,False,0,False
mock_mid|S022|natural|r0|P3|same_topic|r0,mock_mid|S022|natural|r0,mock_mid,P3,same_topic,natural,0,False,0,False
mock_mid|S022|natural|r0|P3|same_topic|r1,mock_mid|S022|natural|r0,mock_mid,P3,same_topic,natural,0,False,6,True
mock_mid|S022|natural|r0|P3|unrelated|r0,mock_mid|S022|natural|r0,mock_mid,P3,unrelated,natural,0,False,0,False
mock_mid|S022|natural|r0|P3|unrelated|r1,mock_mid|S022|natural|r0,mock_mid,P3,unrelated,natural,0,False,5,True
mock_mid|S022|natural|r0|P4|same_topic|r0,mock_mid|S022|natural|r0,mock_mid,P4,same_topic,natural,0,False,0,False
mock_mid|S022|natural|r0|P4|same_topic|r1,mock_mid|S022|natural|r0,mock_mid,P4,same_topic,natural,0,False,0,False
mock_mid|S031|natural|r0|P1|same_topic|r0,mock_mid|S031|natural|r0,mock_mid,P1,same_topic,natural,1,False,4,True
mock_mid|S031|natural|r0|P1|same_topic|r1,mock_mid|S031|natural|r0,mock_mid,P1,same_topic,natural,0,False,6,True
mock_mid|S031|natural|r0|P2|same_topic|r0,mock_mid|S031|natural|r0,mock_mid,P2,same_topic,natural,0,False,0,False
mock_mid|S031|natural|r0|P2|same_topic|r1,mock_mid|S031|natural|r0,mock_mid,P2,same_topic,natural,0,False,0,False
mock_mid|S031|natural|r0|P2|unrelated|r0,mock_mid|S031|natural|r0,mock_mid,P2,unrelated,natural,0,False,0,False
mock_mid|S031|natural|r0|P2|unrelated|r1,mock_mid|S031|natural|r0,mock_mid,P2,unrelated,natural,0,False,0,False
mock_mid|S031|natural|r0|P3|same_topic|r0,mock_mid|S031|natural|r0,mock_mid,P3,same_topic,natural,0,False,0,False
mock_mid|S031|natural|r0|P3|same_topic|r1,mock_mid|S031|natural|r0,mock_mid,P3,same_topic,natural,1,False,6,True
mock_mid|S031|natural|r0|P3|unrelated|r0,mock_mid|S031|natural|r0,mock_mid,P3,unrelated,natural,0,False,0,False
mock_mid|S031|natural|r0|P3|unrelated|r1,mock_mid|S031|natural|r0,mock_mid,P3,unrelated,natural,2,False,6,True
mock_mid|S031|natural|r0|P4|same_topic|r0,mock_mid|S031|natural|r0,mock_mid,P4,same_topic,natural,0,False,0,False
mock_mid|S031|natural|r0|P4|same_topic|r1,mock_mid|S031|natural|r0,mock_mid,P4,same_topic,natural,0,False,0,False
mock_mid|S031|natural|r1|P1|same_topic|r0,mock_mid|S031|natural|r1,mock_mid,P1,same_topic,natural,0,False,6,True
mock_mid|S031|natural|r1|P1|same_topic|r1,mock_mid|S031|natural|r1,mock_mid,P1,same_topic,natural,2,False,5,True
mock_mid|S031|natural|r1|P2|same_topic|r0,mock_mid|S031|natural|r1,mock_mid,P2,same_topic,natural,0,False,0,False
mock_mid|S031|natural|r1|P2|same_topic|r1,mock_mid|S031|natural|r1,mock_mid,P2,same_topic,natural,0,False,0,False
mock_mid|S031|natural|r1|P2|unrelated|r0,mock_mid|S031|natural|r1,mock_mid,P2,unrelated,natural,0,False,0,False
mock_mid|S031|natural|r1|P2|unrelated|r1,mock_mid|S031|natural|r1,mock_mid,P2,unrelated,natural,0,False,0,False
mock_mid|S031|natural|r1|P3|same_topic|r0,mock_mid|S031|natural|r1,mock_mid,P3,same_topic,natural,0,False,6,True
mock_mid|S031|natural|r1|P3|same_topic|r1,mock_mid|S031|natural|r1,mock_mid,P3,same_topic,natural,0,False,0,False
mock_mid|S031|natural|r1|P3|unrelated|r0,mock_mid|S031|natural|r1,mock_mid,P3,unrelated,natural,0,False,6,True
mock_mid|S031|natural|r1|P3|unrelated|r1,mock_mid|S031|natural|r1,mock_mid,P3,unrelated,natural,0,False,0,False
mock_mid|S031|natural|r1|P4|same_topic|r0,mock_mid|S031|natural|r1,mock_mid,P4,same_topic,natural,0,False,0,False
mock_mid|S031|natural|r1|P4|same_topic|r1,mock_mid|S031|natural|r1,mock_mid,P4,same_topic,natural,0,False,0,False
mock_mid|S032|natural|r0|P1|same_topic|r0,mock_mid|S032|natural|r0,mock_mid,P1,same_topic,natural,1,False,3,True
mock_mid|S032|natural|r0|P1|same_topic|r1,mock_mid|S032|natural|r0,mock_mid,P1,same_topic,natural,3,False,5,True
mock_mid|S032|natural|r0|P2|same_topic|r0,mock_mid|S032|natural|r0,mock_mid,P2,same_topic,natural,0,False,0,False
mock_mid|S032|natural|r0|P2|same_topic|r1,mock_mid|S032|natural|r0,mock_mid,P2,same_topic,natural,0,False,0,False
mock_mid|S032|natural|r0|P2|unrelated|r0,mock_mid|S032|natural|r0,mock_mid,P2,unrelated,natural,0,False,0,False
mock_mid|S032|natural|r0|P2|unrelated|r1,mock_mid|S032|natural|r0,mock_mid,P2,unrelated,natural,0,False,0,False
mock_mid|S032|natural|r0|P3|same_topic|r0,mock_mid|S032|natural|r0,mock_mid,P3,same_topic,natural,0,False,0,False
mock_mid|S032|natural|r0|P3|same_topic|r1,mock_mid|S032|natural|r0,mock_mid,P3,same_topic,natural,0,False,0,False
mock_mid|S032|natural|r0|P3|unrelated|r0,mock_mid|S032|natural|r0,mock_mid,P3,unrelated,natural,0,False,0,False
mock_mid|S032|natural|r0|P3|unrelated|r1,mock_mid|S032|natural|r0,mock_mid,P3,unrelated,natural,0,False,0,False
mock_mid|S032|natural|r0|P4|same_topic|r0,mock_mid|S032|natural|r0,mock_mid,P4,same_topic,natural,0,False,0,False
mock_mid|S032|natural|r0|P4|same_topic|r1,mock_mid|S032|natural|r0,mock_mid,P4,same_topic,natural,0,False,0,False
mock_mid|S032|natural|r1|P1|same_topic|r0,mock_mid|S032|natural|r1,mock_mid,P1,same_topic,natural,0,False,4,True
mock_mid|S032|natural|r1|P1|same_topic|r1,mock_mid|S032|natural|r1,mock_mid,P1,same_topic,natural,0,False,6,True
mock_mid|S032|natural|r1|P2|same_topic|r0,mock_mid|S032|natural|r1,mock_mid,P2,same_topic,natural,0,False,0,False
mock_mid|S032|natural|r1|P2|same_topic|r1,mock_mid|S032|natural|r1,mock_mid,P2,same_topic,natural,0,False,0,False
mock_mid|S032|natural|r1|P2|unrelated|r0,mock_mid|S032|natural|r1,mock_mid,P2,unrelated,natural,0,False,0,False
mock_mid|S032|natural|r1|P2|unrelated|r1,mock_mid|S032|natural|r1,mock_mid,P2,unrelated,natural,0,False,0,False
mock_mid|S032|natural|r1|P3|same_topic|r0,mock_mid|S032|natural|r1,mock_mid,P3,same_topic,natural,0,False,0,False
mock_mid|S032|natural|r1|P3|same_topic|r1,mock_mid|S032|natural|r1,mock_mid,P3,same_topic,natural,0,False,6,True
mock_mid|S032|natural|r1|P3|unrelated|r0,mock_mid|S032|natural|r1,mock_mid,P3,unrelated,natural,0,False,0,False
mock_mid|S032|natural|r1|P3|unrelated|r1,mock_mid|S032|natural|r1,mock_mid,P3,unrelated,natural,0,False,6,True
mock_mid|S032|natural|r1|P4|same_topic|r0,mock_mid|S032|natural|r1,mock_mid,P4,same_topic,natural,0,False,0,False
mock_mid|S032|natural|r1|P4|same_topic|r1,mock_mid|S032|natural|r1,mock_mid,P4,same_topic,natural,0,False,0,False
mock_mid|S033|natural|r0|P1|same_topic|r0,mock_mid|S033|natural|r0,mock_mid,P1,same_topic,natural,4,False,6,True
mock_mid|S033|natural|r0|P1|same_topic|r1,mock_mid|S033|natural|r0,mock_mid,P1,same_topic,natural,0,False,5,True
mock_mid|S033|natural|r0|P2|same_topic|r0,mock_mid|S033|natural|r0,mock_mid,P2,same_topic,natural,0,False,0,False
mock_mid|S033|natural|r0|P2|same_topic|r1,mock_mid|S033|natural|r0,mock_mid,P2,same_topic,natural,0,False,0,False
mock_mid|S033|natural|r0|P2|unrelated|r0,mock_mid|S033|natural|r0,mock_mid,P2,unrelated,natural,0,False,0,False
mock_mid|S033|natural|r0|P2|unrelated|r1,mock_mid|S033|natural|r0,mock_mid,P2,unrelated,natural,0,False,0,False
mock_mid|S033|natural|r0|P3|same_topic|r0,mock_mid|S033|natural|r0,mock_mid,P3,same_topic,natural,0,False,0,False
mock_mid|S033|natural|r0|P3|same_topic|r1,mock_mid|S033|natural|r0,mock_mid,P3,same_topic,natural,2,False,6,True
mock_mid|S033|natural|r0|P3|unrelated|r0,mock_mid|S033|natural|r0,mock_mid,P3,unrelated,natural,0,False,0,False
mock_mid|S033|natural|r0|P3|unrelated|r1,mock_mid|S033|natural|r0,mock_mid,P3,unrelated,natural,0,False,6,True
mock_mid|S033|natural|r0|P4|same_topic|r0,mock_mid|S033|natural|r0,mock_mid,P4,same_topic,natural,0,False,0,False
mock_mid|S033|natural|r0|P4|same_topic|r1,mock_mid|S033|natural|r0,mock_mid,P4,same_topic,natural,0,False,0,False
mock_mid|S033|natural|r1|P1|same_topic|r0,mock_mid|S033|natural|r1,mock_mid,P1,same_topic,natural,0,False,6,True
mock_mid|S033|natural|r1|P1|same_topic|r1,mock_mid|S033|natural|r1,mock_mid,P1,same_topic,natural,0,False,5,True
mock_mid|S033|natural|r1|P2|same_topic|r0,mock_mid|S033|natural|r1,mock_mid,P2,same_topic,natural,0,False,0,False
mock_mid|S033|natural|r1|P2|same_topic|r1,mock_mid|S033|natural|r1,mock_mid,P2,same_topic,natural,0,False,0,False
mock_mid|S033|natural|r1|P2|unrelated|r0,mock_mid|S033|natural|r1,mock_mid,P2,unrelated,natural,0,False,0,False
mock_mid|S033|natural|r1|P2|unrelated|r1,mock_mid|S033|natural|r1,mock_mid,P2,unrelated,natural,0,False,0,False
mock_mid|S033|natural|r1|P3|same_topic|r0,mock_mid|S033|natural|r1,mock_mid,P3,same_topic,natural,0,False,5,True
mock_mid|S033|natural|r1|P3|same_topic|r1,mock_mid|S033|natural|r1,mock_mid,P3,same_topic,natural,0,False,0,False
mock_mid|S033|natural|r1|P3|unrelated|r0,mock_mid|S033|natural|r1,mock_mid,P3,unrelated,natural,0,False,6,True
mock_mid|S033|natural|r1|P3|unrelated|r1,mock_mid|S033|natural|r1,mock_mid,P3,unrelated,natural,0,False,0,False
mock_mid|S033|natural|r1|P4|same_topic|r0,mock_mid|S033|natural|r1,mock_mid,P4,same_topic,natural,0,False,0,False
mock_mid|S033|natural|r1|P4|same_topic|r1,mock_mid|S033|natural|r1,mock_mid,P4,same_topic,natural,0,False,0,False
mock_mid|S035|natural|r0|P1|same_topic|r0,mock_mid|S035|natural|r0,mock_mid,P1,same_topic,natural,1,False,1,False
mock_mid|S035|natural|r0|P1|same_topic|r1,mock_mid|S035|natural|r0,mock_mid,P1,same_topic,natural,0,False,5,True
mock_mid|S035|natural|r0|P2|same_topic|r0,mock_mid|S035|natural|r0,mock_mid,P2,same_topic,natural,0,False,0,False
mock_mid|S035|natural|r0|P2|same_topic|r1,mock_mid|S035|natural|r0,mock_mid,P2,same_topic,natural,0,False,0,False
mock_mid|S035|natural|r0|P3|same_topic|r0,mock_mid|S035|natural|r0,mock_mid,P3,same_topic,natural,2,False,4,True
mock_mid|S035|natural|r0|P3|same_topic|r1,mock_mid|S035|natural|r0,mock_mid,P3,same_topic,natural,0,False,0,False
mock_mid|S035|natural|r0|P4|same_topic|r0,mock_mid|S035|natural|r0,mock_mid,P4,same_topic,natural,0,False,0,False
mock_mid|S035|natural|r0|P4|same_topic|r1,mock_mid|S035|natural|r0,mock_mid,P4,same_topic,natural,0,False,0,False
mock_mid|S035|natural|r1|P1|same_topic|r0,mock_mid|S035|natural|r1,mock_mid,P1,same_topic,natural,0,False,6,True
mock_mid|S035|natural|r1|P1|same_topic|r1,mock_mid|S035|natural|r1,mock_mid,P1,same_topic,natural,0,False,2,True
mock_mid|S035|natural|r1|P2|same_topic|r0,mock_mid|S035|natural|r1,mock_mid,P2,same_topic,natural,0,False,0,False
mock_mid|S035|natural|r1|P2|same_topic|r1,mock_mid|S035|natural|r1,mock_mid,P2,same_topic,natural,0,False,0,False
mock_mid|S035|natural|r1|P3|same_topic|r0,mock_mid|S035|natural|r1,mock_mid,P3,same_topic,natural,0,False,5,True
mock_mid|S035|natural|r1|P3|same_topic|r1,mock_mid|S035|natural|r1,mock_mid,P3,same_topic,natural,3,False,5,True
mock_mid|S035|natural|r1|P4|same_topic|r0,mock_mid|S035|natural|r1,mock_mid,P4,same_topic,natural,0,False,0,False
mock_mid|S035|natural|r1|P4|same_topic|r1,mock_mid|S035|natural|r1,mock_mid,P4,same_topic,natural,0,False,0,False
mock_mid|S044|natural|r0|P1|same_topic|r0,mock_mid|S044|natural|r0,mock_mid,P1,same_topic,natural,0,False,5,True
mock_mid|S044|natural|r0|P1|same_topic|r1,mock_mid|S044|natural|r0,mock_mid,P1,same_topic,natural,2,False,6,True
mock_mid|S044|natural|r0|P2|same_topic|r0,mock_mid|S044|natural|r0,mock_mid,P2,same_topic,natural,0,False,0,False
mock_mid|S044|natural|r0|P2|same_topic|r1,mock_mid|S044|natural|r0,mock_mid,P2,same_topic,natural,0,False,0,False
mock_mid|S044|natural|r0|P3|same_topic|r0,mock_mid|S044|natural|r0,mock_mid,P3,same_topic,natural,1,False,6,True
mock_mid|S044|natural|r0|P3|same_topic|r1,mock_mid|S044|natural|r0,mock_mid,P3,same_topic,natural,0,False,0,False
mock_mid|S044|natural|r0|P4|same_topic|r0,mock_mid|S044|natural|r0,mock_mid,P4,same_topic,natural,0,False,0,False
mock_mid|S044|natural|r0|P4|same_topic|r1,mock_mid|S044|natural|r0,mock_mid,P4,same_topic,natural,0,False,0,False
mock_mid|S044|natural|r1|P1|same_topic|r0,mock_mid|S044|natural|r1,mock_mid,P1,same_topic,natural,0,False,5,True
mock_mid|S044|natural|r1|P1|same_topic|r1,mock_mid|S044|natural|r1,mock_mid,P1,same_topic,natural,0,False,5,True
mock_mid|S044|natural|r1|P2|same_topic|r0,mock_mid|S044|natural|r1,mock_mid,P2,same_topic,natural,0,False,0,False
mock_mid|S044|natural|r1|P2|same_topic|r1,mock_mid|S044|natural|r1,mock_mid,P2,same_topic,natural,0,False,0,False
mock_mid|S044|natural|r1|P3|same_topic|r0,mock_mid|S044|natural|r1,mock_mid,P3,same_topic,natural,0,False,0,False
mock_mid|S044|natural|r1|P3|same_topic|r1,mock_mid|S044|natural|r1,mock_mid,P3,same_topic,natural,0,False,0,False
mock_mid|S044|natural|r1|P4|same_topic|r0,mock_mid|S044|natural|r1,mock_mid,P4,same_topic,natural,0,False,0,False
mock_mid|S044|natural|r1|P4|same_topic|r1,mock_mid|S044|natural|r1,mock_mid,P4,same_topic,natural,0,False,0,False
mock_mid|S046|natural|r0|P1|same_topic|r0,mock_mid|S046|natural|r0,mock_mid,P1,same_topic,natural,0,False,2,True
mock_mid|S046|natural|r0|P1|same_topic|r1,mock_mid|S046|natural|r0,mock_mid,P1,same_topic,natural,0,False,6,True
mock_mid|S046|natural|r0|P2|same_topic|r0,mock_mid|S046|natural|r0,mock_mid,P2,same_topic,natural,0,False,0,False
mock_mid|S046|natural|r0|P2|same_topic|r1,mock_mid|S046|natural|r0,mock_mid,P2,same_topic,natural,0,False,0,False
mock_mid|S046|natural|r0|P3|same_topic|r0,mock_mid|S046|natural|r0,mock_mid,P3,same_topic,natural,5,False,5,False
mock_mid|S046|natural|r0|P3|same_topic|r1,mock_mid|S046|natural|r0,mock_mid,P3,same_topic,natural,0,False,0,False
mock_mid|S046|natural|r0|P4|same_topic|r0,mock_mid|S046|natural|r0,mock_mid,P4,same_topic,natural,0,False,0,False
mock_mid|S046|natural|r0|P4|same_topic|r1,mock_mid|S046|natural|r0,mock_mid,P4,same_topic,natural,0,False,0,False
mock_mid|S046|natural|r1|P1|same_topic|r0,mock_mid|S046|natural|r1,mock_mid,P1,same_topic,natural,1,False,6,True
mock_mid|S046|natural|r1|P1|same_topic|r1,mock_mid|S046|natural|r1,mock_mid,P1,same_topic,natural,1,False,6,True
mock_mid|S046|natural|r1|P2|same_topic|r0,mock_mid|S046|natural|r1,mock_mid,P2,same_topic,natural,0,False,0,False
mock_mid|S046|natural|r1|P2|same_topic|r1,mock_mid|S046|natural|r1,mock_mid,P2,same_topic,natural,0,False,0,False
mock_mid|S046|natural|r1|P3|same_topic|r0,mock_mid|S046|natural|r1,mock_mid,P3,same_topic,natural,1,False,6,True
mock_mid|S046|natural|r1|P3|same_topic|r1,mock_mid|S046|natural|r1,mock_mid,P3,same_topic,natural,0,False,0,False
mock_mid|S046|natural|r1|P4|same_topic|r0,mock_mid|S046|natural|r1,mock_mid,P4,same_topic,natural,0,False,0,False
mock_mid|S046|natural|r1|P4|same_topic|r1,mock_mid|S046|natural|r1,mock_mid,P4,same_topic,natural,0,False,0,False
mock_mid|S050|natural|r0|P1|same_topic|r0,mock_mid|S050|natural|r0,mock_mid,P1,same_topic,natural,0,False,6,True
mock_mid|S050|natural|r0|P1|same_topic|r1,mock_mid|S050|natural|r0,mock_mid,P1,same_topic,natural,0,False,6,True
mock_mid|S050|natural|r0|P2|same_topic|r0,mock_mid|S050|natural|r0,mock_mid,P2,same_topic,natural,0,False,0,False
mock_mid|S050|natural|r0|P2|same_topic|r1,mock_mid|S050|natural|r0,mock_mid,P2,same_topic,natural,0,False,0,False
mock_mid|S050|natural|r0|P2|unrelated|r0,mock_mid|S050|natural|r0,mock_mid,P2,unrelated,natural,0,False,0,False
mock_mid|S050|natural|r0|P2|unrelated|r1,mock_mid|S050|natural|r0,mock_mid,P2,unrelated,natural,0,False,0,False
mock_mid|S050|natural|r0|P3|same_topic|r0,mock_mid|S050|natural|r0,mock_mid,P3,same_topic,natural,0,False,0,False
mock_mid|S050|natural|r0|P3|same_topic|r1,mock_mid|S050|natural|r0,mock_mid,P3,same_topic,natural,2,False,6,True
mock_mid|S050|natural|r0|P3|unrelated|r0,mock_mid|S050|natural|r0,mock_mid,P3,unrelated,natural,0,False,0,False
mock_mid|S050|natural|r0|P3|unrelated|r1,mock_mid|S050|natural|r0,mock_mid,P3,unrelated,natural,2,False,6,True
mock_mid|S050|natural|r0|P4|same_topic|r0,mock_mid|S050|natural|r0,mock_mid,P4,same_topic,natural,0,False,0,False
mock_mid|S050|natural|r0|P4|same_topic|r1,mock_mid|S050|natural|r0,mock_mid,P4,same_topic,natural,0,False,0,False
mock_mid|S050|natural|r1|P1|same_topic|r0,mock_mid|S050|natural|r1,mock_mid,P1,same_topic,natural,1,False,4,True
mock_mid|S050|natural|r1|P1|same_topic|r1,mock_mid|S050|natural|r1,mock_mid,P1,same_topic,natural,4,False,6,True
mock_mid|S050|natural|r1|P2|same_topic|r0,mock_mid|S050|natural|r1,mock_mid,P2,same_topic,natural,0,False,0,False
mock_mid|S050|natural|r1|P2|same_topic|r1,mock_mid|S050|natural|r1,mock_mid,P2,same_topic,natural,0,False,0,False
mock_mid|S050|natural|r1|P2|unrelated|r0,mock_mid|S050|natural|r1,mock_mid,P2,unrelated,natural,0,False,0,False
mock_mid|S050|natural|r1|P2|unrelated|r1,mock_mid|S050|natural|r1,mock_mid,P2,unrelated,natural,0,False,0,False
mock_mid|S050|natural|r1|P3|same_topic|r0,mock_mid|S050|natural|r1,mock_mid,P3,same_topic,natural,0,False,0,False
mock_mid|S050|natural|r1|P3|same_topic|r1,mock_mid|S050|natural|r1,mock_mid,P3,same_topic,natural,0,False,0,False
mock_mid|S050|natural|r1|P3|unrelated|r0,mock_mid|S050|natural|r1,mock_mid,P3,unrelated,natural,0,False,0,False
mock_mid|S050|natural|r1|P3|unrelated|r1,mock_mid|S050|natural|r1,mock_mid,P3,unrelated,natural,0,False,0,False
mock_mid|S050|natural|r1|P4|same_topic|r0,mock_mid|S050|natural|r1,mock_mid,P4,same_topic,natural,0,False,0,False
mock_mid|S050|natural|r1|P4|same_topic|r1,mock_mid|S050|natural|r1,mock_mid,P4,same_topic,natural,0,False,0,False
mock_mid|S053|natural|r1|P1|same_topic|r0,mock_mid|S053|natural|r1,mock_mid,P1,same_topic,natural,6,True,6,False
mock_mid|S053|natural|r1|P1|same_topic|r1,mock_mid|S053|natural|r1,mock_mid,P1,same_topic,natural,6,True,6,False
mock_mid|S053|natural|r1|P2|same_topic|r0,mock_mid|S053|natural|r1,mock_mid,P2,same_topic,natural,0,False,6,True
mock_mid|S053|natural|r1|P2|same_topic|r1,mock_mid|S053|natural|r1,mock_mid,P2,same_topic,natural,6,True,6,False
mock_mid|S053|natural|r1|P2|unrelated|r0,mock_mid|S053|natural|r1,mock_mid,P2,unrelated,natural,0,False,0,False
mock_mid|S053|natural|r1|P2|unrelated|r1,mock_mid|S053|natural|r1,mock_mid,P2,unrelated,natural,0,False,6,True
mock_mid|S053|natural|r1|P3|same_topic|r0,mock_mid|S053|natural|r1,mock_mid,P3,same_topic,natural,2,False,6,True
mock_mid|S053|natural|r1|P3|same_topic|r1,mock_mid|S053|natural|r1,mock_mid,P3,same_topic,natural,0,False,0,False
mock_mid|S053|natural|r1|P3|unrelated|r0,mock_mid|S053|natural|r1,mock_mid,P3,unrelated,natural,0,False,6,True
mock_mid|S053|natural|r1|P3|unrelated|r1,mock_mid|S053|natural|r1,mock_mid,P3,unrelated,natural,0,False,0,False
mock_mid|S053|natural|r1|P4|same_topic|r0,mock_mid|S053|natural|r1,mock_mid,P4,same_topic,natural,0,False,0,False
mock_mid|S053|natural|r1|P4|same_topic|r1,mock_mid|S053|natural|r1,mock_mid,P4,same_topic,natural,0,False,0,False
mock_mid|S055|natural|r0|P1|same_topic|r0,mock_mid|S055|natural|r0,mock_mid,P1,same_topic,natural,6,True,6,False
mock_mid|S055|natural|r0|P1|same_topic|r1,mock_mid|S055|natural|r0,mock_mid,P1,same_topic,natural,3,False,6,True
mock_mid|S055|natural|r0|P2|same_topic|r0,mock_mid|S055|natural|r0,mock_mid,P2,same_topic,natural,2,False,6,True
mock_mid|S055|natural|r0|P2|same_topic|r1,mock_mid|S055|natural|r0,mock_mid,P2,same_topic,natural,6,True,6,False
mock_mid|S055|natural|r0|P2|unrelated|r0,mock_mid|S055|natural|r0,mock_mid,P2,unrelated,natural,6,True,6,False
mock_mid|S055|natural|r0|P2|unrelated|r1,mock_mid|S055|natural|r0,mock_mid,P2,unrelated,natural,0,False,0,False
mock_mid|S055|natural|r0|P3|same_topic|r0,mock_mid|S055|natural|r0,mock_mid,P3,same_topic,natural,0,False,0,False
mock_mid|S055|natural|r0|P3|same_topic|r1,mock_mid|S055|natural|r0,mock_mid,P3,same_topic,natural,0,False,0,False
mock_mid|S055|natural|r0|P3|unrelated|r0,mock_mid|S055|natural|r0,mock_mid,P3,unrelated,natural,0,False,0,False
mock_mid|S055|natural|r0|P3|unrelated|r1,mock_mid|S055|natural|r0,mock_mid,P3,unrelated,natural,0,False,0,False
mock_mid|S055|natural|r0|P4|same_topic|r0,mock_mid|S055|natural|r0,mock_mid,P4,same_topic,natural,0,False,0,False
mock_mid|S055|natural|r0|P4|same_topic|r1,mock_mid|S055|natural|r0,mock_mid,P4,same_topic,natural,0,False,0,False
mock_mid|S056|natural|r0|P1|same_topic|r0,mock_mid|S056|natural|r0,mock_mid,P1,same_topic,natural,6,True,6,False
mock_mid|S056|natural|r0|P1|same_topic|r1,mock_mid|S056|natural|r0,mock_mid,P1,same_topic,natural,0,False,6,True
mock_mid|S056|natural|r0|P2|same_topic|r0,mock_mid|S056|natural|r0,mock_mid,P2,same_topic,natural,6,True,6,False
mock_mid|S056|natural|r0|P2|same_topic|r1,mock_mid|S056|natural|r0,mock_mid,P2,same_topic,natural,0,False,6,True
mock_mid|S056|natural|r0|P2|unrelated|r0,mock_mid|S056|natural|r0,mock_mid,P2,unrelated,natural,6,True,6,False
mock_mid|S056|natural|r0|P2|unrelated|r1,mock_mid|S056|natural|r0,mock_mid,P2,unrelated,natural,6,True,6,False
mock_mid|S056|natural|r0|P3|same_topic|r0,mock_mid|S056|natural|r0,mock_mid,P3,same_topic,natural,0,False,6,True
mock_mid|S056|natural|r0|P3|same_topic|r1,mock_mid|S056|natural|r0,mock_mid,P3,same_topic,natural,0,False,0,False
mock_mid|S056|natural|r0|P3|unrelated|r0,mock_mid|S056|natural|r0,mock_mid,P3,unrelated,natural,0,False,0,False
mock_mid|S056|natural|r0|P3|unrelated|r1,mock_mid|S056|natural|r0,mock_mid,P3,unrelated,natural,0,False,0,False
mock_mid|S056|natural|r0|P4|same_topic|r0,mock_mid|S056|natural|r0,mock_mid,P4,same_topic,natural,0,False,0,False
mock_mid|S056|natural|r0|P4|same_topic|r1,mock_mid|S056|natural|r0,mock_mid,P4,same_topic,natural,0,False,0,False
mock_mid|S057|natural|r0|P1|same_topic|r0,mock_mid|S057|natural|r0,mock_mid,P1,same_topic,natural,0,False,5,True
mock_mid|S057|natural|r0|P1|same_topic|r1,mock_mid|S057|natural|r0,mock_mid,P1,same_topic,natural,0,False,0,False
mock_mid|S057|natural|r0|P2|same_topic|r0,mock_mid|S057|natural|r0,mock_mid,P2,same_topic,natural,0,False,0,False
mock_mid|S057|natural|r0|P2|same_topic|r1,mock_mid|S057|natural|r0,mock_mid,P2,same_topic,natural,0,False,0,False
mock_mid|S057|natural|r0|P2|unrelated|r0,mock_mid|S057|natural|r0,mock_mid,P2,unrelated,natural,0,False,0,False
mock_mid|S057|natural|r0|P2|unrelated|r1,mock_mid|S057|natural|r0,mock_mid,P2,unrelated,natural,0,False,0,False
mock_mid|S057|natural|r0|P3|same_topic|r0,mock_mid|S057|natural|r0,mock_mid,P3,same_topic,natural,2,False,5,True
mock_mid|S057|natural|r0|P3|same_topic|r1,mock_mid|S057|natural|r0,mock_mid,P3,same_topic,natural,0,False,0,False
mock_mid|S057|natural|r0|P3|unrelated|r0,mock_mid|S057|natural|r0,mock_mid,P3,unrelated,natural,0,False,6,True
mock_mid|S057|natural|r0|P3|unrelated|r1,mock_mid|S057|natural|r0,mock_mid,P3,unrelated,natural,0,False,0,False
mock_mid|S057|natural|r0|P4|same_topic|r0,mock_mid|S057|natural|r0,mock_mid,P4,same_topic,natural,0,False,0,False
mock_mid|S057|natural|r0|P4|same_topic|r1,mock_mid|S057|natural|r0,mock_mid,P4,same_topic,natural,0,False,0,False
mock_mid|S058|natural|r0|P1|same_topic|r0,mock_mid|S058|natural|r0,mock_mid,P1,same_topic,natural,0,False,5,True
mock_mid|S058|natural|r0|P1|same_topic|r1,mock_mid|S058|natural|r0,mock_mid,P1,same_topic,natural,0,False,6,True
mock_mid|S058|natural|r0|P2|same_topic|r0,mock_mid|S058|natural|r0,mock_mid,P2,same_topic,natural,0,False,0,False
mock_mid|S058|natural|r0|P2|same_topic|r1,mock_mid|S058|natural|r0,mock_mid,P2,same_topic,natural,0,False,0,False
mock_mid|S058|natural|r0|P2|unrelated|r0,mock_mid|S058|natural|r0,mock_mid,P2,unrelated,natural,0,False,0,False
mock_mid|S058|natural|r0|P2|unrelated|r1,mock_mid|S058|natural|r0,mock_mid,P2,unrelated,natural,0,False,0,False
mock_mid|S058|natural|r0|P3|same_topic|r0,mock_mid|S058|natural|r0,mock_mid,P3,same_topic,natural,6,True,6,False
mock_mid|S058|natural|r0|P3|same_topic|r1,mock_mid|S058|natural|r0,mock_mid,P3,same_topic,natural,0,False,0,False
mock_mid|S058|natural|r0|P3|unrelated|r0,mock_mid|S058|natural|r0,mock_mid,P3,unrelated,natural,1,False,6,True
mock_mid|S058|natural|r0|P3|unrelated|r1,mock_mid|S058|natural|r0,mock_mid,P3,unrelated,natural,0,False,0,False
mock_mid|S058|natural|r0|P4|same_topic|r0,mock_mid|S058|natural|r0,mock_mid,P4,same_topic,natural,0,False,0,False
mock_mid|S058|natural|r0|P4|same_topic|r1,mock_mid|S058|natural|r0,mock_mid,P4,same_topic,natural,0,False,0,False
mock_mid|S059|natural|r0|P1|same_topic|r0,mock_mid|S059|natural|r0,mock_mid,P1,same_topic,natural,0,False,4,True
mock_mid|S059|natural|r0|P1|same_topic|r1,mock_mid|S059|natural|r0,mock_mid,P1,same_topic,natural,1,False,6,True
mock_mid|S059|natural|r0|P2|same_topic|r0,mock_mid|S059|natural|r0,mock_mid,P2,same_topic,natural,0,False,0,False
mock_mid|S059|natural|r0|P2|same_topic|r1,mock_mid|S059|natural|r0,mock_mid,P2,same_topic,natural,0,False,0,False
mock_mid|S059|natural|r0|P2|unrelated|r0,mock_mid|S059|natural|r0,mock_mid,P2,unrelated,natural,0,False,0,False
mock_mid|S059|natural|r0|P2|unrelated|r1,mock_mid|S059|natural|r0,mock_mid,P2,unrelated,natural,0,False,0,False
mock_mid|S059|natural|r0|P3|same_topic|r0,mock_mid|S059|natural|r0,mock_mid,P3,same_topic,natural,0,False,0,False
mock_mid|S059|natural|r0|P3|same_topic|r1,mock_mid|S059|natural|r0,mock_mid,P3,same_topic,natural,1,False,3,True
mock_mid|S059|natural|r0|P3|unrelated|r0,mock_mid|S059|natural|r0,mock_mid,P3,unrelated,natural,0,False,0,False
mock_mid|S059|natural|r0|P3|unrelated|r1,mock_mid|S059|natural|r0,mock_mid,P3,unrelated,natural,0,False,5,True
mock_mid|S059|natural|r0|P4|same_topic|r0,mock_mid|S059|natural|r0,mock_mid,P4,same_topic,natural,0,False,0,False
mock_mid|S059|natural|r0|P4|same_topic|r1,mock_mid|S059|natural|r0,mock_mid,P4,same_topic,natural,0,False,0,False
mock_mid|S059|natural|r1|P1|same_topic|r0,mock_mid|S059|natural|r1,mock_mid,P1,same_topic,natural,0,False,6,True
mock_mid|S059|natural|r1|P1|same_topic|r1,mock_mid|S059|natural|r1,mock_mid,P1,same_topic,natural,0,False,6,True
mock_mid|S059|natural|r1|P2|same_topic|r0,mock_mid|S059|natural|r1,mock_mid,P2,same_topic,natural,0,False,0,False
mock_mid|S059|natural|r1|P2|same_topic|r1,mock_mid|S059|natural|r1,mock_mid,P2,same_topic,natural,0,False,0,False
mock_mid|S059|natural|r1|P2|unrelated|r0,mock_mid|S059|natural|r1,mock_mid,P2,unrelated,natural,0,False,0,False
mock_mid|S059|natural|r1|P2|unrelated|r1,mock_mid|S059|natural|r1,mock_mid,P2,unrelated,natural,0,False,0,False
mock_mid|S059|natural|r1|P3|same_topic|r0,mock_mid|S059|natural|r1,mock_mid,P3,same_topic,natural,0,False,0,False
mock_mid|S059|natural|r1|P3|same_topic|r1,mock_mid|S059|natural|r1,mock_mid,P3,same_topic,natural,0,False,5,True
mock_mid|S059|natural|r1|P3|unrelated|r0,mock_mid|S059|natural|r1,mock_mid,P3,unrelated,natural,0,False,0,False
mock_mid|S059|natural|r1|P3|unrelated|r1,mock_mid|S059|natural|r1,mock_mid,P3,unrelated,natural,3,False,3,False
mock_mid|S059|natural|r1|P4|same_topic|r0,mock_mid|S059|natural|r1,mock_mid,P4,same_topic,natural,0,False,0,False
mock_mid|S059|natural|r1|P4|same_topic|r1,mock_mid|S059|natural|r1,mock_mid,P4,same_topic,natural,0,False,0,False
mock_mid|S060|natural|r1|P1|same_topic|r0,mock_mid|S060|natural|r1,mock_mid,P1,same_topic,natural,2,False,5,True
mock_mid|S060|natural|r1|P1|same_topic|r1,mock_mid|S060|natural|r1,mock_mid,P1,same_topic,natural,1,False,5,True
mock_mid|S060|natural|r1|P2|same_topic|r0,mock_mid|S060|natural|r1,mock_mid,P2,same_topic,natural,0,False,0,False
mock_mid|S060|natural|r1|P2|same_topic|r1,mock_mid|S060|natural|r1,mock_mid,P2,same_topic,natural,0,False,0,False
mock_mid|S060|natural|r1|P2|unrelated|r0,mock_mid|S060|natural|r1,mock_mid,P2,unrelated,natural,0,False,0,False
mock_mid|S060|natural|r1|P2|unrelated|r1,mock_mid|S060|natural|r1,mock_mid,P2,unrelated,natural,0,False,0,False
mock_mid|S060|natural|r1|P3|same_topic|r0,mock_mid|S060|natural|r1,mock_mid,P3,same_topic,natural,0,False,6,True
mock_mid|S060|natural|r1|P3|same_topic|r1,mock_mid|S060|natural|r1,mock_mid,P3,same_topic,natural,0,False,0,False
mock_mid|S060|natural|r1|P3|unrelated|r0,mock_mid|S060|natural|r1,mock_mid,P3,unrelated,natural,1,False,6,True
mock_mid|S060|natural|r1|P3|unrelated|r1,mock_mid|S060|natural|r1,mock_mid,P3,unrelated,natural,0,False,0,False
mock_mid|S060|natural|r1|P4|same_topic|r0,mock_mid|S060|natural|r1,mock_mid,P4,same_topic,natural,0,False,0,False
mock_mid|S060|natural|r1|P4|same_topic|r1,mock_mid|S060|natural|r1,mock_mid,P4,same_topic,natural,0,False,0,False
mock_strong|S001|constructed|r0|P1|same_topic|r0,mock_strong|S001|constructed|r0,mock_strong,P1,same_topic,constructed,0,False,6,True
mock_strong|S001|constructed|r0|P1|same_topic|r1,mock_strong|S001|constructed|r0,mock_strong,P1,same_topic,constructed,1,False,5,True
mock_strong|S001|constructed|r0|P2|same_topic|r0,mock_strong|S001|constructed|r0,mock_strong,P2,same_topic,constructed,0,False,0,False
mock_strong|S001|constructed|r0|P2|same_topic|r1,mock_strong|S001|constructed|r0,mock_strong,P2,same_topic,constructed,0,False,0,False
mock_strong|S001|constructed|r0|P2|unrelated|r0,mock_strong|S001|constructed|r0,mock_strong,P2,unrelated,constructed,0,False,0,False
mock_strong|S001|constructed|r0|P2|unrelated|r1,mock_strong|S001|constructed|r0,mock_strong,P2,unrelated,constructed,0,False,0,False
mock_strong|S001|constructed|r0|P3|same_topic|r0,mock_strong|S001|constructed|r0,mock_strong,P3,same_topic,constructed,0,False,0,False
mock_strong|S001|constructed|r0|P3|same_topic|r1,mock_strong|S001|constructed|r0,mock_strong,P3,same_topic,constructed,0,False,0,False
mock_strong|S001|constructed|r0|P3|unrelated|r0,mock_strong|S001|constructed|r0,mock_strong,P3,unrelated,constructed,0,False,0,False
mock_strong|S001|constructed|r0|P3|unrelated|r1,mock_strong|S001|constructed|r0,mock_strong,P3,unrelated,constructed,0,False,0,False
mock_strong|S001|constructed|r0|P4|same_topic|r0,mock_strong|S001|constructed|r0,mock_strong,P4,same_topic,constructed,0,False,0,False
mock_strong|S001|constructed|r0|P4|same_topic|r1,mock_strong|S001|constructed|r0,mock_strong,P4,same_topic,constructed,0,False,0,False
mock_strong|S002|constructed|r0|P1|same_topic|r0,mock_strong|S002|constructed|r0,mock_strong,P1,same_topic,constructed,0,False,4,True
mock_strong|S002|constructed|r0|P1|same_topic|r1,mock_strong|S002|constructed|r0,mock_strong,P1,same_topic,constructed,0,False,6,True
mock_strong|S002|constructed|r0|P2|same_topic|r0,mock_strong|S002|constructed|r0,mock_strong,P2,same_topic,constructed,0,False,0,False
mock_strong|S002|constructed|r0|P2|same_topic|r1,mock_strong|S002|constructed|r0,mock_strong,P2,same_topic,constructed,0,False,0,False
mock_strong|S002|constructed|r0|P2|unrelated|r0,mock_strong|S002|constructed|r0,mock_strong,P2,unrelated,constructed,0,False,0,False
mock_strong|S002|constructed|r0|P2|unrelated|r1,mock_strong|S002|constructed|r0,mock_strong,P2,unrelated,constructed,0,False,0,False
mock_strong|S002|constructed|r0|P3|same_topic|r0,mock_strong|S002|constructed|r0,mock_strong,P3,same_topic,constructed,0,False,0,False
mock_strong|S002|constructed|r0|P3|same_topic|r1,mock_strong|S002|constructed|r0,mock_strong,P3,same_topic,constructed,0,False,0,False
mock_strong|S002|constructed|r0|P3|unrelated|r0,mock_strong|S002|constructed|r0,mock_strong,P3,unrelated,constructed,0,False,0,False
mock_strong|S002|constructed|r0|P3|unrelated|r1,mock_strong|S002|constructed|r0,mock_strong,P3,unrelated,constructed,0,False,0,False
mock_strong|S002|constructed|r0|P4|same_topic|r0,mock_strong|S002|constructed|r0,mock_strong,P4,same_topic,constructed,0,False,0,False
mock_strong|S002|constructed|r0|P4|same_topic|r1,mock_strong|S002|constructed|r0,mock_strong,P4,same_topic,constructed,0,False,0,False
mock_strong|S003|constructed|r0|P1|same_topic|r0,mock_strong|S003|constructed|r0,mock_strong,P1,same_topic,constructed,0,False,6,True
mock_strong|S003|constructed|r0|P1|same_topic|r1,mock_strong|S003|constructed|r0,mock_strong,P1,same_topic,constructed,6,True,6,False
mock_strong|S003|constructed|r0|P2|same_topic|r0,mock_strong|S003|constructed|r0,mock_strong,P2,same_topic,constructed,0,False,0,False
mock_strong|S003|constructed|r0|P2|same_topic|r1,mock_strong|S003|constructed|r0,mock_strong,P2,same_topic,constructed,0,False,0,False
mock_strong|S003|constructed|r0|P3|same_topic|r0,mock_strong|S003|constructed|r0,mock_strong,P3,same_topic,constructed,0,False,6,True
mock_strong|S003|constructed|r0|P3|same_topic|r1,mock_strong|S003|constructed|r0,mock_strong,P3,same_topic,constructed,0,False,0,False
mock_strong|S003|constructed|r0|P4|same_topic|r0,mock_strong|S003|constructed|r0,mock_strong,P4,same_topic,constructed,0,False,0,False
mock_strong|S003|constructed|r0|P4|same_topic|r1,mock_strong|S003|constructed|r0,mock_strong,P4,same_topic,constructed,0,False,0,False
mock_strong|S004|constructed|r0|P1|same_topic|r0,mock_strong|S004|constructed|r0,mock_strong,P1,same_topic,constructed,1,False,6,True
mock_strong|S004|constructed|r0|P1|same_topic|r1,mock_strong|S004|constructed|r0,mock_strong,P1,same_topic,constructed,2,False,6,True
mock_strong|S004|constructed|r0|P2|same_topic|r0,mock_strong|S004|constructed|r0,mock_strong,P2,same_topic,constructed,1,False,4,True
mock_strong|S004|constructed|r0|P2|same_topic|r1,mock_strong|S004|constructed|r0,mock_strong,P2,same_topic,constructed,1,False,6,True
mock_strong|S004|constructed|r0|P2|unrelated|r0,mock_strong|S004|constructed|r0,mock_strong,P2,unrelated,constructed,2,False,6,True
mock_strong|S004|constructed|r0|P2|unrelated|r1,mock_strong|S004|constructed|r0,mock_strong,P2,unrelated,constructed,2,False,2,False
mock_strong|S004|constructed|r0|P3|same_topic|r0,mock_strong|S004|constructed|r0,mock_strong,P3,same_topic,constructed,1,False,1,False
mock_strong|S004|constructed|r0|P3|same_topic|r1,mock_strong|S004|constructed|r0,mock_strong,P3,same_topic,constructed,0,False,6,True
mock_strong|S004|constructed|r0|P3|unrelated|r0,mock_strong|S004|constructed|r0,mock_strong,P3,unrelated,constructed,1,False,6,True
mock_strong|S004|constructed|r0|P3|unrelated|r1,mock_strong|S004|constructed|r0,mock_strong,P3,unrelated,constructed,0,False,5,True
mock_strong|S004|constructed|r0|P4|same_topic|r0,mock_strong|S004|constructed|r0,mock_strong,P4,same_topic,constructed,0,False,0,False
mock_strong|S004|constructed|r0|P4|same_topic|r1,mock_strong|S004|constructed|r0,mock_strong,P4,same_topic,constructed,0,False,0,False
mock_strong|S005|constructed|r0|P1|same_topic|r0,mock_strong|S005|constructed|r0,mock_strong,P1,same_topic,constructed,6,True,6,False
mock_strong|S005|constructed|r0|P1|same_topic|r1,mock_strong|S005|constructed|r0,mock_strong,P1,same_topic,constructed,6,True,6,False
mock_strong|S005|constructed|r0|P2|same_topic|r0,mock_strong|S005|constructed|r0,mock_strong,P2,same_topic,constructed,6,True,6,False
mock_strong|S005|constructed|r0|P2|same_topic|r1,mock_strong|S005|constructed|r0,mock_strong,P2,same_topic,constructed,0,False,6,True
mock_strong|S005|constructed|r0|P2|unrelated|r0,mock_strong|S005|constructed|r0,mock_strong,P2,unrelated,constructed,2,False,6,True
mock_strong|S005|constructed|r0|P2|unrelated|r1,mock_strong|S005|constructed|r0,mock_strong,P2,unrelated,constructed,1,False,6,True
mock_strong|S005|constructed|r0|P3|same_topic|r0,mock_strong|S005|constructed|r0,mock_strong,P3,same_topic,constructed,0,False,0,False
mock_strong|S005|constructed|r0|P3|same_topic|r1,mock_strong|S005|constructed|r0,mock_strong,P3,same_topic,constructed,0,False,6,True
mock_strong|S005|constructed|r0|P3|unrelated|r0,mock_strong|S005|constructed|r0,mock_strong,P3,unrelated,constructed,0,False,0,False
mock_strong|S005|constructed|r0|P3|unrelated|r1,mock_strong|S005|constructed|r0,mock_strong,P3,unrelated,constructed,6,True,6,False
mock_strong|S005|constructed|r0|P4|same_topic|r0,mock_strong|S005|constructed|r0,mock_strong,P4,same_topic,constructed,0,False,0,False
mock_strong|S005|constructed|r0|P4|same_topic|r1,mock_strong|S005|constructed|r0,mock_strong,P4,same_topic,constructed,0,False,0,False
mock_strong|S006|constructed|r0|P1|same_topic|r0,mock_strong|S006|constructed|r0,mock_strong,P1,same_topic,constructed,0,False,5,True
mock_strong|S006|constructed|r0|P1|same_topic|r1,mock_strong|S006|constructed|r0,mock_strong,P1,same_topic,constructed,1,False,6,True
mock_strong|S006|constructed|r0|P2|same_topic|r0,mock_strong|S006|constructed|r0,mock_strong,P2,same_topic,constructed,0,False,0,False
mock_strong|S006|constructed|r0|P2|same_topic|r1,mock_strong|S006|constructed|r0,mock_strong,P2,same_topic,constructed,0,False,0,False
mock_strong|S006|constructed|r0|P2|unrelated|r0,mock_strong|S006|constructed|r0,mock_strong,P2,unrelated,constructed,0,False,0,False
mock_strong|S006|constructed|r0|P2|unrelated|r1,mock_strong|S006|constructed|r0,mock_strong,P2,unrelated,constructed,0,False,0,False
mock_strong|S006|constructed|r0|P3|same_topic|r0,mock_strong|S006|constructed|r0,mock_strong,P3,same_topic,constructed,0,False,0,False
mock_strong|S006|constructed|r0|P3|same_topic|r1,mock_strong|S006|constructed|r0,mock_strong,P3,same_topic,constructed,0,False,0,False
mock_strong|S006|constructed|r0|P3|unrelated|r0,mock_strong|S006|constructed|r0,mock_strong,P3,unrelated,constructed,0,False,0,False
mock_strong|S006|constructed|r0|P3|unrelated|r1,mock_strong|S006|constructed|r0,mock_strong,P3,unrelated,constructed,0,False,0,False
mock_strong|S006|constructed|r0|P4|same_topic|r0,mock_strong|S006|constructed|r0,mock_strong,P4,same_topic,constructed,0,False,0,False
mock_strong|S006|constructed|r0|P4|same_topic|r1,mock_strong|S006|constructed|r0,mock_strong,P4,same_topic,constructed,0,False,0,False
mock_strong|S007|natural|r1|P1|same_topic|r0,mock_strong|S007|natural|r1,mock_strong,P1,same_topic,natural,0,False,2,True
mock_strong|S007|natural|r1|P1|same_topic|r1,mock_strong|S007|natural|r1,mock_strong,P1,same_topic,natural,0,False,2,True
mock_strong|S007|natural|r1|P2|same_topic|r0,mock_strong|S007|natural|r1,mock_strong,P2,same_topic,natural,0,False,0,False
mock_strong|S007|natural|r1|P2|same_topic|r1,mock_strong|S007|natural|r1,mock_strong,P2,same_topic,natural,0,False,0,False
mock_strong|S007|natural|r1|P2|unrelated|r0,mock_strong|S007|natural|r1,mock_strong,P2,unrelated,natural,0,False,0,False
mock_strong|S007|natural|r1|P2|unrelated|r1,mock_strong|S007|natural|r1,mock_strong,P2,unrelated,natural,0,False,0,False
mock_strong|S007|natural|r1|P3|same_topic|r0,mock_strong|S007|natural|r1,mock_strong,P3,same_topic,natural,0,False,0,False
mock_strong|S007|natural|r1|P3|same_topic|r1,mock_strong|S007|natural|r1,mock_strong,P3,same_topic,natural,0,False,0,False
mock_strong|S007|natural|r1|P3|unrelated|r0,mock_strong|S007|natural|r1,mock_strong,P3,unrelated,natural,0,False,0,False
mock_strong|S007|natural|r1|P3|unrelated|r1,mock_strong|S007|natural|r1,mock_strong,P3,unrelated,natural,0,False,0,False
mock_strong|S007|natural|r1|P4|same_topic|r0,mock_strong|S007|natural|r1,mock_strong,P4,same_topic,natural,0,False,0,False
mock_strong|S007|natural|r1|P4|same_topic|r1,mock_strong|S007|natural|r1,mock_strong,P4,same_topic,natural,0,False,0,False
mock_strong|S008|constructed|r0|P1|same_topic|r0,mock_strong|S008|constructed|r0,mock_strong,P1,same_topic,constructed,0,False,0,False
mock_strong|S008|constructed|r0|P1|same_topic|r1,mock_strong|S008|constructed|r0,mock_strong,P1,same_topic,constructed,0,False,0,False
mock_strong|S008|constructed|r0|P2|same_topic|r0,mock_strong|S008|constructed|r0,mock_strong,P2,same_topic,constructed,0,False,0,False
mock_strong|S008|constructed|r0|P2|same_topic|r1,mock_strong|S008|constructed|r0,mock_strong,P2,same_topic,constructed,0,False,0,False
mock_strong|S008|constructed|r0|P2|unrelated|r0,mock_strong|S008|constructed|r0,mock_strong,P2,unrelated,constructed,0,False,0,False
mock_strong|S008|constructed|r0|P2|unrelated|r1,mock_strong|S008|constructed|r0,mock_strong,P2,unrelated,constructed,0,False,0,False
mock_strong|S008|constructed|r0|P3|same_topic|r0,mock_strong|S008|constructed|r0,mock_strong,P3,same_topic,constructed,0,False,0,False
mock_strong|S008|constructed|r0|P3|same_topic|r1,mock_strong|S008|constructed|r0,mock_strong,P3,same_topic,constructed,0,False,0,False
mock_strong|S008|constructed|r0|P3|unrelated|r0,mock_strong|S008|constructed|r0,mock_strong,P3,unrelated,constructed,0,False,0,False
mock_strong|S008|constructed|r0|P3|unrelated|r1,mock_strong|S008|constructed|r0,mock_strong,P3,unrelated,constructed,0,False,0,False
mock_strong|S008|constructed|r0|P4|same_topic|r0,mock_strong|S008|constructed|r0,mock_strong,P4,same_topic,constructed,0,False,0,False
mock_strong|S008|constructed|r0|P4|same_topic|r1,mock_strong|S008|constructed|r0,mock_strong,P4,same_topic,constructed,0,False,0,False
mock_strong|S009|constructed|r0|P1|same_topic|r0,mock_strong|S009|constructed|r0,mock_strong,P1,same_topic,constructed,0,False,5,True
mock_strong|S009|constructed|r0|P1|same_topic|r1,mock_strong|S009|constructed|r0,mock_strong,P1,same_topic,constructed,0,False,5,True
mock_strong|S009|constructed|r0|P2|same_topic|r0,mock_strong|S009|constructed|r0,mock_strong,P2,same_topic,constructed,0,False,0,False
mock_strong|S009|constructed|r0|P2|same_topic|r1,mock_strong|S009|constructed|r0,mock_strong,P2,same_topic,constructed,0,False,0,False
mock_strong|S009|constructed|r0|P2|unrelated|r0,mock_strong|S009|constructed|r0,mock_strong,P2,unrelated,constructed,0,False,0,False
mock_strong|S009|constructed|r0|P2|unrelated|r1,mock_strong|S009|constructed|r0,mock_strong,P2,unrelated,constructed,0,False,0,False
mock_strong|S009|constructed|r0|P3|same_topic|r0,mock_strong|S009|constructed|r0,mock_strong,P3,same_topic,constructed,0,False,0,False
mock_strong|S009|constructed|r0|P3|same_topic|r1,mock_strong|S009|constructed|r0,mock_strong,P3,same_topic,constructed,0,False,0,False
mock_strong|S009|constructed|r0|P3|unrelated|r0,mock_strong|S009|constructed|r0,mock_strong,P3,unrelated,constructed,0,False,0,False
mock_strong|S009|constructed|r0|P3|unrelated|r1,mock_strong|S009|constructed|r0,mock_strong,P3,unrelated,constructed,0,False,0,False
mock_strong|S009|constructed|r0|P4|same_topic|r0,mock_strong|S009|constructed|r0,mock_strong,P4,same_topic,constructed,0,False,0,False
mock_strong|S009|constructed|r0|P4|same_topic|r1,mock_strong|S009|constructed|r0,mock_strong,P4,same_topic,constructed,0,False,0,False
mock_strong|S010|constructed|r0|P1|same_topic|r0,mock_strong|S010|constructed|r0,mock_strong,P1,same_topic,constructed,0,False,2,True
mock_strong|S010|constructed|r0|P1|same_topic|r1,mock_strong|S010|constructed|r0,mock_strong,P1,same_topic,constructed,0,False,0,False
mock_strong|S010|constructed|r0|P2|same_topic|r0,mock_strong|S010|constructed|r0,mock_strong,P2,same_topic,constructed,0,False,0,False
mock_strong|S010|constructed|r0|P2|same_topic|r1,mock_strong|S010|constructed|r0,mock_strong,P2,same_topic,constructed,0,False,0,False
mock_strong|S010|constructed|r0|P2|unrelated|r0,mock_strong|S010|constructed|r0,mock_strong,P2,unrelated,constructed,0,False,0,False
mock_strong|S010|constructed|r0|P2|unrelated|r1,mock_strong|S010|constructed|r0,mock_strong,P2,unrelated,constructed,0,False,0,False
mock_strong|S010|constructed|r0|P3|same_topic|r0,mock_strong|S010|constructed|r0,mock_strong,P3,same_topic,constructed,0,False,0,False
mock_strong|S010|constructed|r0|P3|same_topic|r1,mock_strong|S010|constructed|r0,mock_strong,P3,same_topic,constructed,0,False,0,False
mock_strong|S010|constructed|r0|P3|unrelated|r0,mock_strong|S010|constructed|r0,mock_strong,P3,unrelated,constructed,0,False,0,False
mock_strong|S010|constructed|r0|P3|unrelated|r1,mock_strong|S010|constructed|r0,mock_strong,P3,unrelated,constructed,0,False,0,False
mock_strong|S010|constructed|r0|P4|same_topic|r0,mock_strong|S010|constructed|r0,mock_strong,P4,same_topic,constructed,0,False,0,False
mock_strong|S010|constructed|r0|P4|same_topic|r1,mock_strong|S010|constructed|r0,mock_strong,P4,same_topic,constructed,0,False,0,False
mock_strong|S011|constructed|r0|P1|same_topic|r0,mock_strong|S011|constructed|r0,mock_strong,P1,same_topic,constructed,0,False,5,True
mock_strong|S011|constructed|r0|P1|same_topic|r1,mock_strong|S011|constructed|r0,mock_strong,P1,same_topic,constructed,0,False,6,True
mock_strong|S011|constructed|r0|P2|same_topic|r0,mock_strong|S011|constructed|r0,mock_strong,P2,same_topic,constructed,0,False,0,False
mock_strong|S011|constructed|r0|P2|same_topic|r1,mock_strong|S011|constructed|r0,mock_strong,P2,same_topic,constructed,0,False,0,False
mock_strong|S011|constructed|r0|P2|unrelated|r0,mock_strong|S011|constructed|r0,mock_strong,P2,unrelated,constructed,0,False,0,False
mock_strong|S011|constructed|r0|P2|unrelated|r1,mock_strong|S011|constructed|r0,mock_strong,P2,unrelated,constructed,0,False,0,False
mock_strong|S011|constructed|r0|P3|same_topic|r0,mock_strong|S011|constructed|r0,mock_strong,P3,same_topic,constructed,0,False,0,False
mock_strong|S011|constructed|r0|P3|same_topic|r1,mock_strong|S011|constructed|r0,mock_strong,P3,same_topic,constructed,0,False,0,False
mock_strong|S011|constructed|r0|P3|unrelated|r0,mock_strong|S011|constructed|r0,mock_strong,P3,unrelated,constructed,0,False,0,False
mock_strong|S011|constructed|r0|P3|unrelated|r1,mock_strong|S011|constructed|r0,mock_strong,P3,unrelated,constructed,0,False,0,False
mock_strong|S011|constructed|r0|P4|same_topic|r0,mock_strong|S011|constructed|r0,mock_strong,P4,same_topic,constructed,0,False,0,False
mock_strong|S011|constructed|r0|P4|same_topic|r1,mock_strong|S011|constructed|r0,mock_strong,P4,same_topic,constructed,0,False,0,False
mock_strong|S012|constructed|r0|P1|same_topic|r0,mock_strong|S012|constructed|r0,mock_strong,P1,same_topic,constructed,0,False,5,True
mock_strong|S012|constructed|r0|P1|same_topic|r1,mock_strong|S012|constructed|r0,mock_strong,P1,same_topic,constructed,0,False,5,True
mock_strong|S012|constructed|r0|P2|same_topic|r0,mock_strong|S012|constructed|r0,mock_strong,P2,same_topic,constructed,0,False,0,False
mock_strong|S012|constructed|r0|P2|same_topic|r1,mock_strong|S012|constructed|r0,mock_strong,P2,same_topic,constructed,0,False,0,False
mock_strong|S012|constructed|r0|P2|unrelated|r0,mock_strong|S012|constructed|r0,mock_strong,P2,unrelated,constructed,0,False,0,False
mock_strong|S012|constructed|r0|P2|unrelated|r1,mock_strong|S012|constructed|r0,mock_strong,P2,unrelated,constructed,0,False,0,False
mock_strong|S012|constructed|r0|P3|same_topic|r0,mock_strong|S012|constructed|r0,mock_strong,P3,same_topic,constructed,0,False,0,False
mock_strong|S012|constructed|r0|P3|same_topic|r1,mock_strong|S012|constructed|r0,mock_strong,P3,same_topic,constructed,0,False,0,False
mock_strong|S012|constructed|r0|P3|unrelated|r0,mock_strong|S012|constructed|r0,mock_strong,P3,unrelated,constructed,0,False,0,False
mock_strong|S012|constructed|r0|P3|unrelated|r1,mock_strong|S012|constructed|r0,mock_strong,P3,unrelated,constructed,0,False,0,False
mock_strong|S012|constructed|r0|P4|same_topic|r0,mock_strong|S012|constructed|r0,mock_strong,P4,same_topic,constructed,0,False,0,False
mock_strong|S012|constructed|r0|P4|same_topic|r1,mock_strong|S012|constructed|r0,mock_strong,P4,same_topic,constructed,0,False,0,False
mock_strong|S013|constructed|r0|P1|same_topic|r0,mock_strong|S013|constructed|r0,mock_strong,P1,same_topic,constructed,0,False,0,False
mock_strong|S013|constructed|r0|P1|same_topic|r1,mock_strong|S013|constructed|r0,mock_strong,P1,same_topic,constructed,0,False,0,False
mock_strong|S013|constructed|r0|P2|same_topic|r0,mock_strong|S013|constructed|r0,mock_strong,P2,same_topic,constructed,0,False,0,False
mock_strong|S013|constructed|r0|P2|same_topic|r1,mock_strong|S013|constructed|r0,mock_strong,P2,same_topic,constructed,0,False,0,False
mock_strong|S013|constructed|r0|P2|unrelated|r0,mock_strong|S013|constructed|r0,mock_strong,P2,unrelated,constructed,0,False,0,False
mock_strong|S013|constructed|r0|P2|unrelated|r1,mock_strong|S013|constructed|r0,mock_strong,P2,unrelated,constructed,0,False,0,False
mock_strong|S013|constructed|r0|P3|same_topic|r0,mock_strong|S013|constructed|r0,mock_strong,P3,same_topic,constructed,0,False,0,False
mock_strong|S013|constructed|r0|P3|same_topic|r1,mock_strong|S013|constructed|r0,mock_strong,P3,same_topic,constructed,0,False,0,False
mock_strong|S013|constructed|r0|P3|unrelated|r0,mock_strong|S013|constructed|r0,mock_strong,P3,unrelated,constructed,0,False,0,False
mock_strong|S013|constructed|r0|P3|unrelated|r1,mock_strong|S013|constructed|r0,mock_strong,P3,unrelated,constructed,0,False,0,False
mock_strong|S013|constructed|r0|P4|same_topic|r0,mock_strong|S013|constructed|r0,mock_strong,P4,same_topic,constructed,0,False,0,False
mock_strong|S013|constructed|r0|P4|same_topic|r1,mock_strong|S013|constructed|r0,mock_strong,P4,same_topic,constructed,0,False,0,False
mock_strong|S014|constructed|r0|P1|same_topic|r0,mock_strong|S014|constructed|r0,mock_strong,P1,same_topic,constructed,0,False,0,False
mock_strong|S014|constructed|r0|P1|same_topic|r1,mock_strong|S014|constructed|r0,mock_strong,P1,same_topic,constructed,0,False,0,False
mock_strong|S014|constructed|r0|P2|same_topic|r0,mock_strong|S014|constructed|r0,mock_strong,P2,same_topic,constructed,0,False,0,False
mock_strong|S014|constructed|r0|P2|same_topic|r1,mock_strong|S014|constructed|r0,mock_strong,P2,same_topic,constructed,0,False,0,False
mock_strong|S014|constructed|r0|P2|unrelated|r0,mock_strong|S014|constructed|r0,mock_strong,P2,unrelated,constructed,0,False,0,False
mock_strong|S014|constructed|r0|P2|unrelated|r1,mock_strong|S014|constructed|r0,mock_strong,P2,unrelated,constructed,0,False,0,False
mock_strong|S014|constructed|r0|P3|same_topic|r0,mock_strong|S014|constructed|r0,mock_strong,P3,same_topic,constructed,0,False,0,False
mock_strong|S014|constructed|r0|P3|same_topic|r1,mock_strong|S014|constructed|r0,mock_strong,P3,same_topic,constructed,0,False,0,False
mock_strong|S014|constructed|r0|P3|unrelated|r0,mock_strong|S014|constructed|r0,mock_strong,P3,unrelated,constructed,0,False,0,False
mock_strong|S014|constructed|r0|P3|unrelated|r1,mock_strong|S014|constructed|r0,mock_strong,P3,unrelated,constructed,0,False,0,False
mock_strong|S014|constructed|r0|P4|same_topic|r0,mock_strong|S014|constructed|r0,mock_strong,P4,same_topic,constructed,0,False,0,False
mock_strong|S014|constructed|r0|P4|same_topic|r1,mock_strong|S014|constructed|r0,mock_strong,P4,same_topic,constructed,0,False,0,False
mock_strong|S015|constructed|r0|P1|same_topic|r0,mock_strong|S015|constructed|r0,mock_strong,P1,same_topic,constructed,0,False,3,True
mock_strong|S015|constructed|r0|P1|same_topic|r1,mock_strong|S015|constructed|r0,mock_strong,P1,same_topic,constructed,0,False,5,True
mock_strong|S015|constructed|r0|P2|same_topic|r0,mock_strong|S015|constructed|r0,mock_strong,P2,same_topic,constructed,0,False,0,False
mock_strong|S015|constructed|r0|P2|same_topic|r1,mock_strong|S015|constructed|r0,mock_strong,P2,same_topic,constructed,0,False,0,False
mock_strong|S015|constructed|r0|P2|unrelated|r0,mock_strong|S015|constructed|r0,mock_strong,P2,unrelated,constructed,0,False,0,False
mock_strong|S015|constructed|r0|P2|unrelated|r1,mock_strong|S015|constructed|r0,mock_strong,P2,unrelated,constructed,0,False,0,False
mock_strong|S015|constructed|r0|P3|same_topic|r0,mock_strong|S015|constructed|r0,mock_strong,P3,same_topic,constructed,0,False,0,False
mock_strong|S015|constructed|r0|P3|same_topic|r1,mock_strong|S015|constructed|r0,mock_strong,P3,same_topic,constructed,0,False,0,False
mock_strong|S015|constructed|r0|P3|unrelated|r0,mock_strong|S015|constructed|r0,mock_strong,P3,unrelated,constructed,0,False,0,False
mock_strong|S015|constructed|r0|P3|unrelated|r1,mock_strong|S015|constructed|r0,mock_strong,P3,unrelated,constructed,0,False,0,False
mock_strong|S015|constructed|r0|P4|same_topic|r0,mock_strong|S015|constructed|r0,mock_strong,P4,same_topic,constructed,0,False,0,False
mock_strong|S015|constructed|r0|P4|same_topic|r1,mock_strong|S015|constructed|r0,mock_strong,P4,same_topic,constructed,0,False,0,False
mock_strong|S016|natural|r0|P1|same_topic|r0,mock_strong|S016|natural|r0,mock_strong,P1,same_topic,natural,1,False,4,True
mock_strong|S016|natural|r0|P1|same_topic|r1,mock_strong|S016|natural|r0,mock_strong,P1,same_topic,natural,0,False,3,True
mock_strong|S016|natural|r0|P2|same_topic|r0,mock_strong|S016|natural|r0,mock_strong,P2,same_topic,natural,0,False,0,False
mock_strong|S016|natural|r0|P2|same_topic|r1,mock_strong|S016|natural|r0,mock_strong,P2,same_topic,natural,0,False,0,False
mock_strong|S016|natural|r0|P2|unrelated|r0,mock_strong|S016|natural|r0,mock_strong,P2,unrelated,natural,0,False,0,False
mock_strong|S016|natural|r0|P2|unrelated|r1,mock_strong|S016|natural|r0,mock_strong,P2,unrelated,natural,0,False,0,False
mock_strong|S016|natural|r0|P3|same_topic|r0,mock_strong|S016|natural|r0,mock_strong,P3,same_topic,natural,0,False,0,False
mock_strong|S016|natural|r0|P3|same_topic|r1,mock_strong|S016|natural|r0,mock_strong,P3,same_topic,natural,0,False,0,False
mock_strong|S016|natural|r0|P3|unrelated|r0,mock_strong|S016|natural|r0,mock_strong,P3,unrelated,natural,0,False,0,False
mock_strong|S016|natural|r0|P3|unrelated|r1,mock_strong|S016|natural|r0,mock_strong,P3,unrelated,natural,0,False,0,False
mock_strong|S016|natural|r0|P4|same_topic|r0,mock_strong|S016|natural|r0,mock_strong,P4,same_topic,natural,0,False,0,False
mock_strong|S016|natural|r0|P4|same_topic|r1,mock_strong|S016|natural|r0,mock_strong,P4,same_topic,natural,0,False,0,False
mock_strong|S017|constructed|r0|P1|same_topic|r0,mock_strong|S017|constructed|r0,mock_strong,P1,same_topic,constructed,0,False,6,True
mock_strong|S017|constructed|r0|P1|same_topic|r1,mock_strong|S017|constructed|r0,mock_strong,P1,same_topic,constructed,0,False,6,True
mock_strong|S017|constructed|r0|P2|same_topic|r0,mock_strong|S017|constructed|r0,mock_strong,P2,same_topic,constructed,0,False,0,False
mock_strong|S017|constructed|r0|P2|same_topic|r1,mock_strong|S017|constructed|r0,mock_strong,P2,same_topic,constructed,0,False,0,False
mock_strong|S017|constructed|r0|P2|unrelated|r0,mock_strong|S017|constructed|r0,mock_strong,P2,unrelated,constructed,0,False,0,False
mock_strong|S017|constructed|r0|P2|unrelated|r1,mock_strong|S017|constructed|r0,mock_strong,P2,unrelated,constructed,0,False,0,False
mock_strong|S017|constructed|r0|P3|same_topic|r0,mock_strong|S017|constructed|r0,mock_strong,P3,same_topic,constructed,0,False,0,False
mock_strong|S017|constructed|r0|P3|same_topic|r1,mock_strong|S017|constructed|r0,mock_strong,P3,same_topic,constructed,0,False,0,False
mock_strong|S017|constructed|r0|P3|unrelated|r0,mock_strong|S017|constructed|r0,mock_strong,P3,unrelated,constructed,0,False,0,False
mock_strong|S017|constructed|r0|P3|unrelated|r1,mock_strong|S017|constructed|r0,mock_strong,P3,unrelated,constructed,0,False,0,False
mock_strong|S017|constructed|r0|P4|same_topic|r0,mock_strong|S017|constructed|r0,mock_strong,P4,same_topic,constructed,0,False,0,False
mock_strong|S017|constructed|r0|P4|same_topic|r1,mock_strong|S017|constructed|r0,mock_strong,P4,same_topic,constructed,0,False,0,False
mock_strong|S018|constructed|r0|P1|same_topic|r0,mock_strong|S018|constructed|r0,mock_strong,P1,same_topic,constructed,0,False,6,True
mock_strong|S018|constructed|r0|P1|same_topic|r1,mock_strong|S018|constructed|r0,mock_strong,P1,same_topic,constructed,0,False,4,True
mock_strong|S018|constructed|r0|P2|same_topic|r0,mock_strong|S018|constructed|r0,mock_strong,P2,same_topic,constructed,0,False,0,False
mock_strong|S018|constructed|r0|P2|same_topic|r1,mock_strong|S018|constructed|r0,mock_strong,P2,same_topic,constructed,0,False,0,False
mock_strong|S018|constructed|r0|P2|unrelated|r0,mock_strong|S018|constructed|r0,mock_strong,P2,unrelated,constructed,0,False,0,False
mock_strong|S018|constructed|r0|P2|unrelated|r1,mock_strong|S018|constructed|r0,mock_strong,P2,unrelated,constructed,0,False,0,False
mock_strong|S018|constructed|r0|P3|same_topic|r0,mock_strong|S018|constructed|r0,mock_strong,P3,same_topic,constructed,0,False,0,False
mock_strong|S018|constructed|r0|P3|same_topic|r1,mock_strong|S018|constructed|r0,mock_strong,P3,same_topic,constructed,0,False,0,False
mock_strong|S018|constructed|r0|P3|unrelated|r0,mock_strong|S018|constructed|r0,mock_strong,P3,unrelated,constructed,0,False,0,False
mock_strong|S018|constructed|r0|P3|unrelated|r1,mock_strong|S018|constructed|r0,mock_strong,P3,unrelated,constructed,0,False,0,False
mock_strong|S018|constructed|r0|P4|same_topic|r0,mock_strong|S018|constructed|r0,mock_strong,P4,same_topic,constructed,0,False,0,False
mock_strong|S018|constructed|r0|P4|same_topic|r1,mock_strong|S018|constructed|r0,mock_strong,P4,same_topic,constructed,0,False,0,False
mock_strong|S019|constructed|r0|P1|same_topic|r0,mock_strong|S019|constructed|r0,mock_strong,P1,same_topic,constructed,2,False,5,True
mock_strong|S019|constructed|r0|P1|same_topic|r1,mock_strong|S019|constructed|r0,mock_strong,P1,same_topic,constructed,0,False,5,True
mock_strong|S019|constructed|r0|P2|same_topic|r0,mock_strong|S019|constructed|r0,mock_strong,P2,same_topic,constructed,0,False,0,False
mock_strong|S019|constructed|r0|P2|same_topic|r1,mock_strong|S019|constructed|r0,mock_strong,P2,same_topic,constructed,0,False,0,False
mock_strong|S019|constructed|r0|P2|unrelated|r0,mock_strong|S019|constructed|r0,mock_strong,P2,unrelated,constructed,0,False,0,False
mock_strong|S019|constructed|r0|P2|unrelated|r1,mock_strong|S019|constructed|r0,mock_strong,P2,unrelated,constructed,0,False,0,False
mock_strong|S019|constructed|r0|P3|same_topic|r0,mock_strong|S019|constructed|r0,mock_strong,P3,same_topic,constructed,0,False,0,False
mock_strong|S019|constructed|r0|P3|same_topic|r1,mock_strong|S019|constructed|r0,mock_strong,P3,same_topic,constructed,0,False,0,False
mock_strong|S019|constructed|r0|P3|unrelated|r0,mock_strong|S019|constructed|r0,mock_strong,P3,unrelated,constructed,0,False,0,False
mock_strong|S019|constructed|r0|P3|unrelated|r1,mock_strong|S019|constructed|r0,mock_strong,P3,unrelated,constructed,0,False,0,False
mock_strong|S019|constructed|r0|P4|same_topic|r0,mock_strong|S019|constructed|r0,mock_strong,P4,same_topic,constructed,0,False,0,False
mock_strong|S019|constructed|r0|P4|same_topic|r1,mock_strong|S019|constructed|r0,mock_strong,P4,same_topic,constructed,0,False,0,False
mock_strong|S020|constructed|r0|P1|same_topic|r0,mock_strong|S020|constructed|r0,mock_strong,P1,same_topic,constructed,0,False,0,False
mock_strong|S020|constructed|r0|P1|same_topic|r1,mock_strong|S020|constructed|r0,mock_strong,P1,same_topic,constructed,0,False,0,False
mock_strong|S020|constructed|r0|P2|same_topic|r0,mock_strong|S020|constructed|r0,mock_strong,P2,same_topic,constructed,0,False,0,False
mock_strong|S020|constructed|r0|P2|same_topic|r1,mock_strong|S020|constructed|r0,mock_strong,P2,same_topic,constructed,0,False,0,False
mock_strong|S020|constructed|r0|P2|unrelated|r0,mock_strong|S020|constructed|r0,mock_strong,P2,unrelated,constructed,0,False,0,False
mock_strong|S020|constructed|r0|P2|unrelated|r1,mock_strong|S020|constructed|r0,mock_strong,P2,unrelated,constructed,0,False,0,False
mock_strong|S020|constructed|r0|P3|same_topic|r0,mock_strong|S020|constructed|r0,mock_strong,P3,same_topic,constructed,0,False,0,False
mock_strong|S020|constructed|r0|P3|same_topic|r1,mock_strong|S020|constructed|r0,mock_strong,P3,same_topic,constructed,0,False,0,False
mock_strong|S020|constructed|r0|P3|unrelated|r0,mock_strong|S020|constructed|r0,mock_strong,P3,unrelated,constructed,0,False,0,False
mock_strong|S020|constructed|r0|P3|unrelated|r1,mock_strong|S020|constructed|r0,mock_strong,P3,unrelated,constructed,0,False,0,False
mock_strong|S020|constructed|r0|P4|same_topic|r0,mock_strong|S020|constructed|r0,mock_strong,P4,same_topic,constructed,0,False,0,False
mock_strong|S020|constructed|r0|P4|same_topic|r1,mock_strong|S020|constructed|r0,mock_strong,P4,same_topic,constructed,0,False,0,False
mock_strong|S021|constructed|r0|P1|same_topic|r0,mock_strong|S021|constructed|r0,mock_strong,P1,same_topic,constructed,0,False,0,False
mock_strong|S021|constructed|r0|P1|same_topic|r1,mock_strong|S021|constructed|r0,mock_strong,P1,same_topic,constructed,0,False,0,False
mock_strong|S021|constructed|r0|P2|same_topic|r0,mock_strong|S021|constructed|r0,mock_strong,P2,same_topic,constructed,0,False,0,False
mock_strong|S021|constructed|r0|P2|same_topic|r1,mock_strong|S021|constructed|r0,mock_strong,P2,same_topic,constructed,0,False,0,False
mock_strong|S021|constructed|r0|P2|unrelated|r0,mock_strong|S021|constructed|r0,mock_strong,P2,unrelated,constructed,0,False,0,False
mock_strong|S021|constructed|r0|P2|unrelated|r1,mock_strong|S021|constructed|r0,mock_strong,P2,unrelated,constructed,0,False,0,False
mock_strong|S021|constructed|r0|P3|same_topic|r0,mock_strong|S021|constructed|r0,mock_strong,P3,same_topic,constructed,0,False,0,False
mock_strong|S021|constructed|r0|P3|same_topic|r1,mock_strong|S021|constructed|r0,mock_strong,P3,same_topic,constructed,0,False,0,False
mock_strong|S021|constructed|r0|P3|unrelated|r0,mock_strong|S021|constructed|r0,mock_strong,P3,unrelated,constructed,0,False,0,False
mock_strong|S021|constructed|r0|P3|unrelated|r1,mock_strong|S021|constructed|r0,mock_strong,P3,unrelated,constructed,0,False,0,False
mock_strong|S021|constructed|r0|P4|same_topic|r0,mock_strong|S021|constructed|r0,mock_strong,P4,same_topic,constructed,0,False,0,False
mock_strong|S021|constructed|r0|P4|same_topic|r1,mock_strong|S021|constructed|r0,mock_strong,P4,same_topic,constructed,0,False,0,False
mock_strong|S022|constructed|r0|P1|same_topic|r0,mock_strong|S022|constructed|r0,mock_strong,P1,same_topic,constructed,0,False,5,True
mock_strong|S022|constructed|r0|P1|same_topic|r1,mock_strong|S022|constructed|r0,mock_strong,P1,same_topic,constructed,0,False,6,True
mock_strong|S022|constructed|r0|P2|same_topic|r0,mock_strong|S022|constructed|r0,mock_strong,P2,same_topic,constructed,0,False,0,False
mock_strong|S022|constructed|r0|P2|same_topic|r1,mock_strong|S022|constructed|r0,mock_strong,P2,same_topic,constructed,0,False,0,False
mock_strong|S022|constructed|r0|P2|unrelated|r0,mock_strong|S022|constructed|r0,mock_strong,P2,unrelated,constructed,0,False,0,False
mock_strong|S022|constructed|r0|P2|unrelated|r1,mock_strong|S022|constructed|r0,mock_strong,P2,unrelated,constructed,0,False,0,False
mock_strong|S022|constructed|r0|P3|same_topic|r0,mock_strong|S022|constructed|r0,mock_strong,P3,same_topic,constructed,0,False,0,False
mock_strong|S022|constructed|r0|P3|same_topic|r1,mock_strong|S022|constructed|r0,mock_strong,P3,same_topic,constructed,0,False,0,False
mock_strong|S022|constructed|r0|P3|unrelated|r0,mock_strong|S022|constructed|r0,mock_strong,P3,unrelated,constructed,0,False,0,False
mock_strong|S022|constructed|r0|P3|unrelated|r1,mock_strong|S022|constructed|r0,mock_strong,P3,unrelated,constructed,0,False,5,True
mock_strong|S022|constructed|r0|P4|same_topic|r0,mock_strong|S022|constructed|r0,mock_strong,P4,same_topic,constructed,0,False,0,False
mock_strong|S022|constructed|r0|P4|same_topic|r1,mock_strong|S022|constructed|r0,mock_strong,P4,same_topic,constructed,0,False,0,False
mock_strong|S023|constructed|r0|P1|same_topic|r0,mock_strong|S023|constructed|r0,mock_strong,P1,same_topic,constructed,0,False,0,False
mock_strong|S023|constructed|r0|P1|same_topic|r1,mock_strong|S023|constructed|r0,mock_strong,P1,same_topic,constructed,0,False,0,False
mock_strong|S023|constructed|r0|P2|same_topic|r0,mock_strong|S023|constructed|r0,mock_strong,P2,same_topic,constructed,0,False,0,False
mock_strong|S023|constructed|r0|P2|same_topic|r1,mock_strong|S023|constructed|r0,mock_strong,P2,same_topic,constructed,0,False,0,False
mock_strong|S023|constructed|r0|P2|unrelated|r0,mock_strong|S023|constructed|r0,mock_strong,P2,unrelated,constructed,0,False,0,False
mock_strong|S023|constructed|r0|P2|unrelated|r1,mock_strong|S023|constructed|r0,mock_strong,P2,unrelated,constructed,0,False,0,False
mock_strong|S023|constructed|r0|P3|same_topic|r0,mock_strong|S023|constructed|r0,mock_strong,P3,same_topic,constructed,0,False,0,False
mock_strong|S023|constructed|r0|P3|same_topic|r1,mock_strong|S023|constructed|r0,mock_strong,P3,same_topic,constructed,0,False,0,False
mock_strong|S023|constructed|r0|P3|unrelated|r0,mock_strong|S023|constructed|r0,mock_strong,P3,unrelated,constructed,0,False,0,False
mock_strong|S023|constructed|r0|P3|unrelated|r1,mock_strong|S023|constructed|r0,mock_strong,P3,unrelated,constructed,0,False,0,False
mock_strong|S023|constructed|r0|P4|same_topic|r0,mock_strong|S023|constructed|r0,mock_strong,P4,same_topic,constructed,0,False,0,False
mock_strong|S023|constructed|r0|P4|same_topic|r1,mock_strong|S023|constructed|r0,mock_strong,P4,same_topic,constructed,0,False,0,False
mock_strong|S024|constructed|r0|P1|same_topic|r0,mock_strong|S024|constructed|r0,mock_strong,P1,same_topic,constructed,0,False,0,False
mock_strong|S024|constructed|r0|P1|same_topic|r1,mock_strong|S024|constructed|r0,mock_strong,P1,same_topic,constructed,0,False,0,False
mock_strong|S024|constructed|r0|P2|same_topic|r0,mock_strong|S024|constructed|r0,mock_strong,P2,same_topic,constructed,0,False,0,False
mock_strong|S024|constructed|r0|P2|same_topic|r1,mock_strong|S024|constructed|r0,mock_strong,P2,same_topic,constructed,0,False,0,False
mock_strong|S024|constructed|r0|P2|unrelated|r0,mock_strong|S024|constructed|r0,mock_strong,P2,unrelated,constructed,0,False,0,False
mock_strong|S024|constructed|r0|P2|unrelated|r1,mock_strong|S024|constructed|r0,mock_strong,P2,unrelated,constructed,0,False,0,False
mock_strong|S024|constructed|r0|P3|same_topic|r0,mock_strong|S024|constructed|r0,mock_strong,P3,same_topic,constructed,0,False,0,False
mock_strong|S024|constructed|r0|P3|same_topic|r1,mock_strong|S024|constructed|r0,mock_strong,P3,same_topic,constructed,0,False,0,False
mock_strong|S024|constructed|r0|P3|unrelated|r0,mock_strong|S024|constructed|r0,mock_strong,P3,unrelated,constructed,0,False,0,False
mock_strong|S024|constructed|r0|P3|unrelated|r1,mock_strong|S024|constructed|r0,mock_strong,P3,unrelated,constructed,0,False,0,False
mock_strong|S024|constructed|r0|P4|same_topic|r0,mock_strong|S024|constructed|r0,mock_strong,P4,same_topic,constructed,0,False,0,False
mock_strong|S024|constructed|r0|P4|same_topic|r1,mock_strong|S024|constructed|r0,mock_strong,P4,same_topic,constructed,0,False,0,False
mock_strong|S025|constructed|r0|P1|same_topic|r0,mock_strong|S025|constructed|r0,mock_strong,P1,same_topic,constructed,0,False,0,False
mock_strong|S025|constructed|r0|P1|same_topic|r1,mock_strong|S025|constructed|r0,mock_strong,P1,same_topic,constructed,0,False,0,False
mock_strong|S025|constructed|r0|P2|same_topic|r0,mock_strong|S025|constructed|r0,mock_strong,P2,same_topic,constructed,0,False,0,False
mock_strong|S025|constructed|r0|P2|same_topic|r1,mock_strong|S025|constructed|r0,mock_strong,P2,same_topic,constructed,0,False,0,False
mock_strong|S025|constructed|r0|P2|unrelated|r0,mock_strong|S025|constructed|r0,mock_strong,P2,unrelated,constructed,0,False,0,False
mock_strong|S025|constructed|r0|P2|unrelated|r1,mock_strong|S025|constructed|r0,mock_strong,P2,unrelated,constructed,0,False,0,False
mock_strong|S025|constructed|r0|P3|same_topic|r0,mock_strong|S025|constructed|r0,mock_strong,P3,same_topic,constructed,0,False,0,False
mock_strong|S025|constructed|r0|P3|same_topic|r1,mock_strong|S025|constructed|r0,mock_strong,P3,same_topic,constructed,0,False,0,False
mock_strong|S025|constructed|r0|P3|unrelated|r0,mock_strong|S025|constructed|r0,mock_strong,P3,unrelated,constructed,0,False,0,False
mock_strong|S025|constructed|r0|P3|unrelated|r1,mock_strong|S025|constructed|r0,mock_strong,P3,unrelated,constructed,0,False,0,False
mock_strong|S025|constructed|r0|P4|same_topic|r0,mock_strong|S025|constructed|r0,mock_strong,P4,same_topic,constructed,0,False,0,False
mock_strong|S025|constructed|r0|P4|same_topic|r1,mock_strong|S025|constructed|r0,mock_strong,P4,same_topic,constructed,0,False,0,False
mock_strong|S026|constructed|r0|P1|same_topic|r0,mock_strong|S026|constructed|r0,mock_strong,P1,same_topic,constructed,0,False,0,False
mock_strong|S026|constructed|r0|P1|same_topic|r1,mock_strong|S026|constructed|r0,mock_strong,P1,same_topic,constructed,0,False,0,False
mock_strong|S026|constructed|r0|P2|same_topic|r0,mock_strong|S026|constructed|r0,mock_strong,P2,same_topic,constructed,0,False,0,False
mock_strong|S026|constructed|r0|P2|same_topic|r1,mock_strong|S026|constructed|r0,mock_strong,P2,same_topic,constructed,0,False,0,False
mock_strong|S026|constructed|r0|P2|unrelated|r0,mock_strong|S026|constructed|r0,mock_strong,P2,unrelated,constructed,0,False,0,False
mock_strong|S026|constructed|r0|P2|unrelated|r1,mock_strong|S026|constructed|r0,mock_strong,P2,unrelated,constructed,0,False,0,False
mock_strong|S026|constructed|r0|P3|same_topic|r0,mock_strong|S026|constructed|r0,mock_strong,P3,same_topic,constructed,0,False,0,False
mock_strong|S026|constructed|r0|P3|same_topic|r1,mock_strong|S026|constructed|r0,mock_strong,P3,same_topic,constructed,0,False,0,False
mock_strong|S026|constructed|r0|P3|unrelated|r0,mock_strong|S026|constructed|r0,mock_strong,P3,unrelated,constructed,0,False,0,False
mock_strong|S026|constructed|r0|P3|unrelated|r1,mock_strong|S026|constructed|r0,mock_strong,P3,unrelated,constructed,0,False,0,False
mock_strong|S026|constructed|r0|P4|same_topic|r0,mock_strong|S026|constructed|r0,mock_strong,P4,same_topic,constructed,0,False,0,False
mock_strong|S026|constructed|r0|P4|same_topic|r1,mock_strong|S026|constructed|r0,mock_strong,P4,same_topic,constructed,0,False,0,False
mock_strong|S027|constructed|r0|P1|same_topic|r0,mock_strong|S027|constructed|r0,mock_strong,P1,same_topic,constructed,0,False,0,False
mock_strong|S027|constructed|r0|P1|same_topic|r1,mock_strong|S027|constructed|r0,mock_strong,P1,same_topic,constructed,0,False,0,False
mock_strong|S027|constructed|r0|P2|same_topic|r0,mock_strong|S027|constructed|r0,mock_strong,P2,same_topic,constructed,0,False,0,False
mock_strong|S027|constructed|r0|P2|same_topic|r1,mock_strong|S027|constructed|r0,mock_strong,P2,same_topic,constructed,0,False,0,False
mock_strong|S027|constructed|r0|P2|unrelated|r0,mock_strong|S027|constructed|r0,mock_strong,P2,unrelated,constructed,0,False,0,False
mock_strong|S027|constructed|r0|P2|unrelated|r1,mock_strong|S027|constructed|r0,mock_strong,P2,unrelated,constructed,0,False,0,False
mock_strong|S027|constructed|r0|P3|same_topic|r0,mock_strong|S027|constructed|r0,mock_strong,P3,same_topic,constructed,0,False,0,False
mock_strong|S027|constructed|r0|P3|same_topic|r1,mock_strong|S027|constructed|r0,mock_strong,P3,same_topic,constructed,0,False,0,False
mock_strong|S027|constructed|r0|P3|unrelated|r0,mock_strong|S027|constructed|r0,mock_strong,P3,unrelated,constructed,0,False,0,False
mock_strong|S027|constructed|r0|P3|unrelated|r1,mock_strong|S027|constructed|r0,mock_strong,P3,unrelated,constructed,0,False,0,False
mock_strong|S027|constructed|r0|P4|same_topic|r0,mock_strong|S027|constructed|r0,mock_strong,P4,same_topic,constructed,0,False,0,False
mock_strong|S027|constructed|r0|P4|same_topic|r1,mock_strong|S027|constructed|r0,mock_strong,P4,same_topic,constructed,0,False,0,False
mock_strong|S028|constructed|r0|P1|same_topic|r0,mock_strong|S028|constructed|r0,mock_strong,P1,same_topic,constructed,0,False,0,False
mock_strong|S028|constructed|r0|P1|same_topic|r1,mock_strong|S028|constructed|r0,mock_strong,P1,same_topic,constructed,0,False,0,False
mock_strong|S028|constructed|r0|P2|same_topic|r0,mock_strong|S028|constructed|r0,mock_strong,P2,same_topic,constructed,0,False,0,False
mock_strong|S028|constructed|r0|P2|same_topic|r1,mock_strong|S028|constructed|r0,mock_strong,P2,same_topic,constructed,0,False,0,False
mock_strong|S028|constructed|r0|P2|unrelated|r0,mock_strong|S028|constructed|r0,mock_strong,P2,unrelated,constructed,0,False,0,False
mock_strong|S028|constructed|r0|P2|unrelated|r1,mock_strong|S028|constructed|r0,mock_strong,P2,unrelated,constructed,0,False,0,False
mock_strong|S028|constructed|r0|P3|same_topic|r0,mock_strong|S028|constructed|r0,mock_strong,P3,same_topic,constructed,0,False,0,False
mock_strong|S028|constructed|r0|P3|same_topic|r1,mock_strong|S028|constructed|r0,mock_strong,P3,same_topic,constructed,0,False,0,False
mock_strong|S028|constructed|r0|P3|unrelated|r0,mock_strong|S028|constructed|r0,mock_strong,P3,unrelated,constructed,0,False,0,False
mock_strong|S028|constructed|r0|P3|unrelated|r1,mock_strong|S028|constructed|r0,mock_strong,P3,unrelated,constructed,0,False,0,False
mock_strong|S028|constructed|r0|P4|same_topic|r0,mock_strong|S028|constructed|r0,mock_strong,P4,same_topic,constructed,0,False,0,False
mock_strong|S028|constructed|r0|P4|same_topic|r1,mock_strong|S028|constructed|r0,mock_strong,P4,same_topic,constructed,0,False,0,False
mock_strong|S029|constructed|r0|P1|same_topic|r0,mock_strong|S029|constructed|r0,mock_strong,P1,same_topic,constructed,0,False,0,False
mock_strong|S029|constructed|r0|P1|same_topic|r1,mock_strong|S029|constructed|r0,mock_strong,P1,same_topic,constructed,0,False,0,False
mock_strong|S029|constructed|r0|P2|same_topic|r0,mock_strong|S029|constructed|r0,mock_strong,P2,same_topic,constructed,0,False,0,False
mock_strong|S029|constructed|r0|P2|same_topic|r1,mock_strong|S029|constructed|r0,mock_strong,P2,same_topic,constructed,0,False,0,False
mock_strong|S029|constructed|r0|P2|unrelated|r0,mock_strong|S029|constructed|r0,mock_strong,P2,unrelated,constructed,0,False,0,False
mock_strong|S029|constructed|r0|P2|unrelated|r1,mock_strong|S029|constructed|r0,mock_strong,P2,unrelated,constructed,0,False,0,False
mock_strong|S029|constructed|r0|P3|same_topic|r0,mock_strong|S029|constructed|r0,mock_strong,P3,same_topic,constructed,0,False,0,False
mock_strong|S029|constructed|r0|P3|same_topic|r1,mock_strong|S029|constructed|r0,mock_strong,P3,same_topic,constructed,0,False,0,False
mock_strong|S029|constructed|r0|P3|unrelated|r0,mock_strong|S029|constructed|r0,mock_strong,P3,unrelated,constructed,0,False,0,False
mock_strong|S029|constructed|r0|P3|unrelated|r1,mock_strong|S029|constructed|r0,mock_strong,P3,unrelated,constructed,0,False,0,False
mock_strong|S029|constructed|r0|P4|same_topic|r0,mock_strong|S029|constructed|r0,mock_strong,P4,same_topic,constructed,0,False,0,False
mock_strong|S029|constructed|r0|P4|same_topic|r1,mock_strong|S029|constructed|r0,mock_strong,P4,same_topic,constructed,0,False,0,False
mock_strong|S030|constructed|r0|P1|same_topic|r0,mock_strong|S030|constructed|r0,mock_strong,P1,same_topic,constructed,0,False,0,False
mock_strong|S030|constructed|r0|P1|same_topic|r1,mock_strong|S030|constructed|r0,mock_strong,P1,same_topic,constructed,0,False,0,False
mock_strong|S030|constructed|r0|P2|same_topic|r0,mock_strong|S030|constructed|r0,mock_strong,P2,same_topic,constructed,0,False,0,False
mock_strong|S030|constructed|r0|P2|same_topic|r1,mock_strong|S030|constructed|r0,mock_strong,P2,same_topic,constructed,0,False,0,False
mock_strong|S030|constructed|r0|P2|unrelated|r0,mock_strong|S030|constructed|r0,mock_strong,P2,unrelated,constructed,0,False,0,False
mock_strong|S030|constructed|r0|P2|unrelated|r1,mock_strong|S030|constructed|r0,mock_strong,P2,unrelated,constructed,0,False,0,False
mock_strong|S030|constructed|r0|P3|same_topic|r0,mock_strong|S030|constructed|r0,mock_strong,P3,same_topic,constructed,0,False,0,False
mock_strong|S030|constructed|r0|P3|same_topic|r1,mock_strong|S030|constructed|r0,mock_strong,P3,same_topic,constructed,0,False,0,False
mock_strong|S030|constructed|r0|P3|unrelated|r0,mock_strong|S030|constructed|r0,mock_strong,P3,unrelated,constructed,0,False,0,False
mock_strong|S030|constructed|r0|P3|unrelated|r1,mock_strong|S030|constructed|r0,mock_strong,P3,unrelated,constructed,0,False,0,False
mock_strong|S030|constructed|r0|P4|same_topic|r0,mock_strong|S030|constructed|r0,mock_strong,P4,same_topic,constructed,0,False,0,False
mock_strong|S030|constructed|r0|P4|same_topic|r1,mock_strong|S030|constructed|r0,mock_strong,P4,same_topic,constructed,0,False,0,False
mock_strong|S031|constructed|r0|P1|same_topic|r0,mock_strong|S031|constructed|r0,mock_strong,P1,same_topic,constructed,1,False,6,True
mock_strong|S031|constructed|r0|P1|same_topic|r1,mock_strong|S031|constructed|r0,mock_strong,P1,same_topic,constructed,0,False,5,True
mock_strong|S031|constructed|r0|P2|same_topic|r0,mock_strong|S031|constructed|r0,mock_strong,P2,same_topic,constructed,0,False,0,False
mock_strong|S031|constructed|r0|P2|same_topic|r1,mock_strong|S031|constructed|r0,mock_strong,P2,same_topic,constructed,0,False,0,False
mock_strong|S031|constructed|r0|P2|unrelated|r0,mock_strong|S031|constructed|r0,mock_strong,P2,unrelated,constructed,0,False,0,False
mock_strong|S031|constructed|r0|P2|unrelated|r1,mock_strong|S031|constructed|r0,mock_strong,P2,unrelated,constructed,0,False,0,False
mock_strong|S031|constructed|r0|P3|same_topic|r0,mock_strong|S031|constructed|r0,mock_strong,P3,same_topic,constructed,0,False,4,True
mock_strong|S031|constructed|r0|P3|same_topic|r1,mock_strong|S031|constructed|r0,mock_strong,P3,same_topic,constructed,0,False,0,False
mock_strong|S031|constructed|r0|P3|unrelated|r0,mock_strong|S031|constructed|r0,mock_strong,P3,unrelated,constructed,0,False,6,True
mock_strong|S031|constructed|r0|P3|unrelated|r1,mock_strong|S031|constructed|r0,mock_strong,P3,unrelated,constructed,0,False,0,False
mock_strong|S031|constructed|r0|P4|same_topic|r0,mock_strong|S031|constructed|r0,mock_strong,P4,same_topic,constructed,0,False,0,False
mock_strong|S031|constructed|r0|P4|same_topic|r1,mock_strong|S031|constructed|r0,mock_strong,P4,same_topic,constructed,0,False,0,False
mock_strong|S032|constructed|r0|P1|same_topic|r0,mock_strong|S032|constructed|r0,mock_strong,P1,same_topic,constructed,1,False,1,False
mock_strong|S032|constructed|r0|P1|same_topic|r1,mock_strong|S032|constructed|r0,mock_strong,P1,same_topic,constructed,1,False,5,True
mock_strong|S032|constructed|r0|P2|same_topic|r0,mock_strong|S032|constructed|r0,mock_strong,P2,same_topic,constructed,0,False,0,False
mock_strong|S032|constructed|r0|P2|same_topic|r1,mock_strong|S032|constructed|r0,mock_strong,P2,same_topic,constructed,0,False,0,False
mock_strong|S032|constructed|r0|P2|unrelated|r0,mock_strong|S032|constructed|r0,mock_strong,P2,unrelated,constructed,0,False,0,False
mock_strong|S032|constructed|r0|P2|unrelated|r1,mock_strong|S032|constructed|r0,mock_strong,P2,unrelated,constructed,0,False,0,False
mock_strong|S032|constructed|r0|P3|same_topic|r0,mock_strong|S032|constructed|r0,mock_strong,P3,same_topic,constructed,0,False,0,False
mock_strong|S032|constructed|r0|P3|same_topic|r1,mock_strong|S032|constructed|r0,mock_strong,P3,same_topic,constructed,0,False,2,True
mock_strong|S032|constructed|r0|P3|unrelated|r0,mock_strong|S032|constructed|r0,mock_strong,P3,unrelated,constructed,0,False,0,False
mock_strong|S032|constructed|r0|P3|unrelated|r1,mock_strong|S032|constructed|r0,mock_strong,P3,unrelated,constructed,0,False,4,True
mock_strong|S032|constructed|r0|P4|same_topic|r0,mock_strong|S032|constructed|r0,mock_strong,P4,same_topic,constructed,0,False,0,False
mock_strong|S032|constructed|r0|P4|same_topic|r1,mock_strong|S032|constructed|r0,mock_strong,P4,same_topic,constructed,0,False,0,False
mock_strong|S033|constructed|r0|P1|same_topic|r0,mock_strong|S033|constructed|r0,mock_strong,P1,same_topic,constructed,0,False,2,True
mock_strong|S033|constructed|r0|P1|same_topic|r1,mock_strong|S033|constructed|r0,mock_strong,P1,same_topic,constructed,0,False,4,True
mock_strong|S033|constructed|r0|P2|same_topic|r0,mock_strong|S033|constructed|r0,mock_strong,P2,same_topic,constructed,0,False,0,False
mock_strong|S033|constructed|r0|P2|same_topic|r1,mock_strong|S033|constructed|r0,mock_strong,P2,same_topic,constructed,0,False,0,False
mock_strong|S033|constructed|r0|P2|unrelated|r0,mock_strong|S033|constructed|r0,mock_strong,P2,unrelated,constructed,0,False,0,False
mock_strong|S033|constructed|r0|P2|unrelated|r1,mock_strong|S033|constructed|r0,mock_strong,P2,unrelated,constructed,0,False,0,False
mock_strong|S033|constructed|r0|P3|same_topic|r0,mock_strong|S033|constructed|r0,mock_strong,P3,same_topic,constructed,0,False,0,False
mock_strong|S033|constructed|r0|P3|same_topic|r1,mock_strong|S033|constructed|r0,mock_strong,P3,same_topic,constructed,0,False,0,False
mock_strong|S033|constructed|r0|P3|unrelated|r0,mock_strong|S033|constructed|r0,mock_strong,P3,unrelated,constructed,0,False,0,False
mock_strong|S033|constructed|r0|P3|unrelated|r1,mock_strong|S033|constructed|r0,mock_strong,P3,unrelated,constructed,0,False,0,False
mock_strong|S033|constructed|r0|P4|same_topic|r0,mock_strong|S033|constructed|r0,mock_strong,P4,same_topic,constructed,0,False,0,False
mock_strong|S033|constructed|r0|P4|same_topic|r1,mock_strong|S033|constructed|r0,mock_strong,P4,same_topic,constructed,0,False,0,False
mock_strong|S034|constructed|r0|P1|same_topic|r0,mock_strong|S034|constructed|r0,mock_strong,P1,same_topic,constructed,0,False,0,False
mock_strong|S034|constructed|r0|P1|same_topic|r1,mock_strong|S034|constructed|r0,mock_strong,P1,same_topic,constructed,0,False,0,False
mock_strong|S034|constructed|r0|P2|same_topic|r0,mock_strong|S034|constructed|r0,mock_strong,P2,same_topic,constructed,0,False,0,False
mock_strong|S034|constructed|r0|P2|same_topic|r1,mock_strong|S034|constructed|r0,mock_strong,P2,same_topic,constructed,0,False,0,False
mock_strong|S034|constructed|r0|P3|same_topic|r0,mock_strong|S034|constructed|r0,mock_strong,P3,same_topic,constructed,0,False,0,False
mock_strong|S034|constructed|r0|P3|same_topic|r1,mock_strong|S034|constructed|r0,mock_strong,P3,same_topic,constructed,0,False,0,False
mock_strong|S034|constructed|r0|P4|same_topic|r0,mock_strong|S034|constructed|r0,mock_strong,P4,same_topic,constructed,0,False,0,False
mock_strong|S034|constructed|r0|P4|same_topic|r1,mock_strong|S034|constructed|r0,mock_strong,P4,same_topic,constructed,0,False,0,False
mock_strong|S035|constructed|r0|P1|same_topic|r0,mock_strong|S035|constructed|r0,mock_strong,P1,same_topic,constructed,0,False,5,True
mock_strong|S035|constructed|r0|P1|same_topic|r1,mock_strong|S035|constructed|r0,mock_strong,P1,same_topic,constructed,0,False,0,False
mock_strong|S035|constructed|r0|P2|same_topic|r0,mock_strong|S035|constructed|r0,mock_strong,P2,same_topic,constructed,0,False,0,False
mock_strong|S035|constructed|r0|P2|same_topic|r1,mock_strong|S035|constructed|r0,mock_strong,P2,same_topic,constructed,0,False,0,False
mock_strong|S035|constructed|r0|P3|same_topic|r0,mock_strong|S035|constructed|r0,mock_strong,P3,same_topic,constructed,0,False,0,False
mock_strong|S035|constructed|r0|P3|same_topic|r1,mock_strong|S035|constructed|r0,mock_strong,P3,same_topic,constructed,0,False,0,False
mock_strong|S035|constructed|r0|P4|same_topic|r0,mock_strong|S035|constructed|r0,mock_strong,P4,same_topic,constructed,0,False,0,False
mock_strong|S035|constructed|r0|P4|same_topic|r1,mock_strong|S035|constructed|r0,mock_strong,P4,same_topic,constructed,0,False,0,False
mock_strong|S053|natural|r0|P1|same_topic|r0,mock_strong|S053|natural|r0,mock_strong,P1,same_topic,natural,6,True,6,False
mock_strong|S053|natural|r0|P1|same_topic|r1,mock_strong|S053|natural|r0,mock_strong,P1,same_topic,natural,6,True,6,False
mock_strong|S053|natural|r0|P2|same_topic|r0,mock_strong|S053|natural|r0,mock_strong,P2,same_topic,natural,2,False,6,True
mock_strong|S053|natural|r0|P2|same_topic|r1,mock_strong|S053|natural|r0,mock_strong,P2,same_topic,natural,0,False,6,True
mock_strong|S053|natural|r0|P2|unrelated|r0,mock_strong|S053|natural|r0,mock_strong,P2,unrelated,natural,2,False,2,False
mock_strong|S053|natural|r0|P2|unrelated|r1,mock_strong|S053|natural|r0,mock_strong,P2,unrelated,natural,3,False,6,True
mock_strong|S053|natural|r0|P3|same_topic|r0,mock_strong|S053|natural|r0,mock_strong,P3,same_topic,natural,0,False,0,False
mock_strong|S053|natural|r0|P3|same_topic|r1,mock_strong|S053|natural|r0,mock_strong,P3,same_topic,natural,0,False,0,False
mock_strong|S053|natural|r0|P3|unrelated|r0,mock_strong|S053|natural|r0,mock_strong,P3,unrelated,natural,0,False,0,False
mock_strong|S053|natural|r0|P3|unrelated|r1,mock_strong|S053|natural|r0,mock_strong,P3,unrelated,natural,0,False,0,False
mock_strong|S053|natural|r0|P4|same_topic|r0,mock_strong|S053|natural|r0,mock_strong,P4,same_topic,natural,0,False,0,False
mock_strong|S053|natural|r0|P4|same_topic|r1,mock_strong|S053|natural|r0,mock_strong,P4,same_topic,natural,0,False,0,False
mock_strong|S054|natural|r0|P1|same_topic|r0,mock_strong|S054|natural|r0,mock_strong,P1,same_topic,natural,6,True,6,False
mock_strong|S054|natural|r0|P1|same_topic|r1,mock_strong|S054|natural|r0,mock_strong,P1,same_topic,natural,0,False,6,True
mock_strong|S054|natural|r0|P2|same_topic|r0,mock_strong|S054|natural|r0,mock_strong,P2,same_topic,natural,6,True,6,False
mock_strong|S054|natural|r0|P2|same_topic|r1,mock_strong|S054|natural|r0,mock_strong,P2,same_topic,natural,6,True,6,False
mock_strong|S054|natural|r0|P2|unrelated|r0,mock_strong|S054|natural|r0,mock_strong,P2,unrelated,natural,0,False,3,True
mock_strong|S054|natural|r0|P2|unrelated|r1,mock_strong|S054|natural|r0,mock_strong,P2,unrelated,natural,2,False,6,True
mock_strong|S054|natural|r0|P3|same_topic|r0,mock_strong|S054|natural|r0,mock_strong,P3,same_topic,natural,0,False,0,False
mock_strong|S054|natural|r0|P3|same_topic|r1,mock_strong|S054|natural|r0,mock_strong,P3,same_topic,natural,1,False,6,True
mock_strong|S054|natural|r0|P3|unrelated|r0,mock_strong|S054|natural|r0,mock_strong,P3,unrelated,natural,0,False,0,False
mock_strong|S054|natural|r0|P3|unrelated|r1,mock_strong|S054|natural|r0,mock_strong,P3,unrelated,natural,0,False,6,True
mock_strong|S054|natural|r0|P4|same_topic|r0,mock_strong|S054|natural|r0,mock_strong,P4,same_topic,natural,0,False,0,False
mock_strong|S054|natural|r0|P4|same_topic|r1,mock_strong|S054|natural|r0,mock_strong,P4,same_topic,natural,0,False,0,False
mock_strong|S056|natural|r0|P1|same_topic|r0,mock_strong|S056|natural|r0,mock_strong,P1,same_topic,natural,6,True,6,False
mock_strong|S056|natural|r0|P1|same_topic|r1,mock_strong|S056|natural|r0,mock_strong,P1,same_topic,natural,0,False,6,True
mock_strong|S056|natural|r0|P2|same_topic|r0,mock_strong|S056|natural|r0,mock_strong,P2,same_topic,natural,0,False,6,True
mock_strong|S056|natural|r0|P2|same_topic|r1,mock_strong|S056|natural|r0,mock_strong,P2,same_topic,natural,0,False,6,True
mock_strong|S056|natural|r0|P2|unrelated|r0,mock_strong|S056|natural|r0,mock_strong,P2,unrelated,natural,5,False,5,False
mock_strong|S056|natural|r0|P2|unrelated|r1,mock_strong|S056|natural|r0,mock_strong,P2,unrelated,natural,0,False,0,False
mock_strong|S056|natural|r0|P3|same_topic|r0,mock_strong|S056|natural|r0,mock_strong,P3,same_topic,natural,0,False,6,True
mock_strong|S056|natural|r0|P3|same_topic|r1,mock_strong|S056|natural|r0,mock_strong,P3,same_topic,natural,6,True,6,False
mock_strong|S056|natural|r0|P3|unrelated|r0,mock_strong|S056|natural|r0,mock_strong,P3,unrelated,natural,0,False,0,False
mock_strong|S056|natural|r0|P3|unrelated|r1,mock_strong|S056|natural|r0,mock_strong,P3,unrelated,natural,0,False,6,True
mock_strong|S056|natural|r0|P4|same_topic|r0,mock_strong|S056|natural|r0,mock_strong,P4,same_topic,natural,0,False,0,False
mock_strong|S056|natural|r0|P4|same_topic|r1,mock_strong|S056|natural|r0,mock_strong,P4,same_topic,natural,0,False,0,False
mock_strong|S057|natural|r1|P1|same_topic|r0,mock_strong|S057|natural|r1,mock_strong,P1,same_topic,natural,0,False,4,True
mock_strong|S057|natural|r1|P1|same_topic|r1,mock_strong|S057|natural|r1,mock_strong,P1,same_topic,natural,0,False,6,True
mock_strong|S057|natural|r1|P2|same_topic|r0,mock_strong|S057|natural|r1,mock_strong,P2,same_topic,natural,0,False,0,False
mock_strong|S057|natural|r1|P2|same_topic|r1,mock_strong|S057|natural|r1,mock_strong,P2,same_topic,natural,0,False,0,False
mock_strong|S057|natural|r1|P2|unrelated|r0,mock_strong|S057|natural|r1,mock_strong,P2,unrelated,natural,0,False,0,False
mock_strong|S057|natural|r1|P2|unrelated|r1,mock_strong|S057|natural|r1,mock_strong,P2,unrelated,natural,0,False,0,False
mock_strong|S057|natural|r1|P3|same_topic|r0,mock_strong|S057|natural|r1,mock_strong,P3,same_topic,natural,0,False,0,False
mock_strong|S057|natural|r1|P3|same_topic|r1,mock_strong|S057|natural|r1,mock_strong,P3,same_topic,natural,0,False,0,False
mock_strong|S057|natural|r1|P3|unrelated|r0,mock_strong|S057|natural|r1,mock_strong,P3,unrelated,natural,0,False,0,False
mock_strong|S057|natural|r1|P3|unrelated|r1,mock_strong|S057|natural|r1,mock_strong,P3,unrelated,natural,0,False,0,False
mock_strong|S057|natural|r1|P4|same_topic|r0,mock_strong|S057|natural|r1,mock_strong,P4,same_topic,natural,0,False,0,False
mock_strong|S057|natural|r1|P4|same_topic|r1,mock_strong|S057|natural|r1,mock_strong,P4,same_topic,natural,0,False,0,False
mock_strong|S059|natural|r1|P1|same_topic|r0,mock_strong|S059|natural|r1,mock_strong,P1,same_topic,natural,1,False,3,True
mock_strong|S059|natural|r1|P1|same_topic|r1,mock_strong|S059|natural|r1,mock_strong,P1,same_topic,natural,0,False,6,True
mock_strong|S059|natural|r1|P2|same_topic|r0,mock_strong|S059|natural|r1,mock_strong,P2,same_topic,natural,0,False,0,False
mock_strong|S059|natural|r1|P2|same_topic|r1,mock_strong|S059|natural|r1,mock_strong,P2,same_topic,natural,0,False,0,False
mock_strong|S059|natural|r1|P2|unrelated|r0,mock_strong|S059|natural|r1,mock_strong,P2,unrelated,natural,0,False,0,False
mock_strong|S059|natural|r1|P2|unrelated|r1,mock_strong|S059|natural|r1,mock_strong,P2,unrelated,natural,0,False,0,False
mock_strong|S059|natural|r1|P3|same_topic|r0,mock_strong|S059|natural|r1,mock_strong,P3,same_topic,natural,0,False,0,False
mock_strong|S059|natural|r1|P3|same_topic|r1,mock_strong|S059|natural|r1,mock_strong,P3,same_topic,natural,0,False,6,True
mock_strong|S059|natural|r1|P3|unrelated|r0,mock_strong|S059|natural|r1,mock_strong,P3,unrelated,natural,0,False,0,False
mock_strong|S059|natural|r1|P3|unrelated|r1,mock_strong|S059|natural|r1,mock_strong,P3,unrelated,natural,1,False,5,True
mock_strong|S059|natural|r1|P4|same_topic|r0,mock_strong|S059|natural|r1,mock_strong,P4,same_topic,natural,0,False,0,False
mock_strong|S059|natural|r1|P4|same_topic|r1,mock_strong|S059|natural|r1,mock_strong,P4,same_topic,natural,0,False,0,False
mock_weak|S001|natural|r0|P1|same_topic|r0,mock_weak|S001|natural|r0,mock_weak,P1,same_topic,natural,5,False,5,False
mock_weak|S001|natural|r0|P1|same_topic|r1,mock_weak|S001|natural|r0,mock_weak,P1,same_topic,natural,0,False,6,True
mock_weak|S001|natural|r0|P2|same_topic|r0,mock_weak|S001|natural|r0,mock_weak,P2,same_topic,natural,0,False,0,False
mock_weak|S001|natural|r0|P2|same_topic|r1,mock_weak|S001|natural|r0,mock_weak,P2,same_topic,natural,0,False,0,False
mock_weak|S001|natural|r0|P2|unrelated|r0,mock_weak|S001|natural|r0,mock_weak,P2,unrelated,natural,0,False,0,False
mock_weak|S001|natural|r0|P2|unrelated|r1,mock_weak|S001|natural|r0,mock_weak,P2,unrelated,natural,0,False,0,False
mock_weak|S001|natural|r0|P3|same_topic|r0,mock_weak|S001|natural|r0,mock_weak,P3,same_topic,natural,0,False,0,False
mock_weak|S001|natural|r0|P3|same_topic|r1,mock_weak|S001|natural|r0,mock_weak,P3,same_topic,natural,0,False,0,False
mock_weak|S001|natural|r0|P3|unrelated|r0,mock_weak|S001|natural|r0,mock_weak,P3,unrelated,natural,0,False,0,False
mock_weak|S001|natural|r0|P3|unrelated|r1,mock_weak|S001|natural|r0,mock_weak,P3,unrelated,natural,0,False,0,False
mock_weak|S001|natural|r0|P4|same_topic|r0,mock_weak|S001|natural|r0,mock_weak,P4,same_topic,natural,0,False,0,False
mock_weak|S001|natural|r0|P4|same_topic|r1,mock_weak|S001|natural|r0,mock_weak,P4,same_topic,natural,0,False,0,False
mock_weak|S001|natural|r1|P1|same_topic|r0,mock_weak|S001|natural|r1,mock_weak,P1,same_topic,natural,3,False,6,True
mock_weak|S001|natural|r1|P1|same_topic|r1,mock_weak|S001|natural|r1,mock_weak,P1,same_topic,natural,1,False,6,True
mock_weak|S001|natural|r1|P2|same_topic|r0,mock_weak|S001|natural|r1,mock_weak,P2,same_topic,natural,0,False,0,False
mock_weak|S001|natural|r1|P2|same_topic|r1,mock_weak|S001|natural|r1,mock_weak,P2,same_topic,natural,0,False,0,False
mock_weak|S001|natural|r1|P2|unrelated|r0,mock_weak|S001|natural|r1,mock_weak,P2,unrelated,natural,0,False,0,False
mock_weak|S001|natural|r1|P2|unrelated|r1,mock_weak|S001|natural|r1,mock_weak,P2,unrelated,natural,0,False,0,False
mock_weak|S001|natural|r1|P3|same_topic|r0,mock_weak|S001|natural|r1,mock_weak,P3,same_topic,natural,0,False,0,False
mock_weak|S001|natural|r1|P3|same_topic|r1,mock_weak|S001|natural|r1,mock_weak,P3,same_topic,natural,0,False,0,False
mock_weak|S001|natural|r1|P3|unrelated|r0,mock_weak|S001|natural|r1,mock_weak,P3,unrelated,natural,0,False,0,False
mock_weak|S001|natural|r1|P3|unrelated|r1,mock_weak|S001|natural|r1,mock_weak,P3,unrelated,natural,0,False,0,False
mock_weak|S001|natural|r1|P4|same_topic|r0,mock_weak|S001|natural|r1,mock_weak,P4,same_topic,natural,0,False,0,False
mock_weak|S001|natural|r1|P4|same_topic|r1,mock_weak|S001|natural|r1,mock_weak,P4,same_topic,natural,0,False,0,False
mock_weak|S002|natural|r0|P1|same_topic|r0,mock_weak|S002|natural|r0,mock_weak,P1,same_topic,natural,1,False,6,True
mock_weak|S002|natural|r0|P1|same_topic|r1,mock_weak|S002|natural|r0,mock_weak,P1,same_topic,natural,6,True,6,False
mock_weak|S002|natural|r0|P2|same_topic|r0,mock_weak|S002|natural|r0,mock_weak,P2,same_topic,natural,0,False,0,False
mock_weak|S002|natural|r0|P2|same_topic|r1,mock_weak|S002|natural|r0,mock_weak,P2,same_topic,natural,0,False,0,False
mock_weak|S002|natural|r0|P2|unrelated|r0,mock_weak|S002|natural|r0,mock_weak,P2,unrelated,natural,0,False,0,False
mock_weak|S002|natural|r0|P2|unrelated|r1,mock_weak|S002|natural|r0,mock_weak,P2,unrelated,natural,0,False,0,False
mock_weak|S002|natural|r0|P3|same_topic|r0,mock_weak|S002|natural|r0,mock_weak,P3,same_topic,natural,0,False,6,True
mock_weak|S002|natural|r0|P3|same_topic|r1,mock_weak|S002|natural|r0,mock_weak,P3,same_topic,natural,0,False,0,False
mock_weak|S002|natural|r0|P3|unrelated|r0,mock_weak|S002|natural|r0,mock_weak,P3,unrelated,natural,6,True,6,False
mock_weak|S002|natural|r0|P3|unrelated|r1,mock_weak|S002|natural|r0,mock_weak,P3,unrelated,natural,0,False,0,False
mock_weak|S002|natural|r0|P4|same_topic|r0,mock_weak|S002|natural|r0,mock_weak,P4,same_topic,natural,0,False,0,False
mock_weak|S002|natural|r0|P4|same_topic|r1,mock_weak|S002|natural|r0,mock_weak,P4,same_topic,natural,0,False,0,False
mock_weak|S003|natural|r1|P1|same_topic|r0,mock_weak|S003|natural|r1,mock_weak,P1,same_topic,natural,4,False,6,True
mock_weak|S003|natural|r1|P1|same_topic|r1,mock_weak|S003|natural|r1,mock_weak,P1,same_topic,natural,6,True,6,False
mock_weak|S003|natural|r1|P2|same_topic|r0,mock_weak|S003|natural|r1,mock_weak,P2,same_topic,natural,0,False,0,False
mock_weak|S003|natural|r1|P2|same_topic|r1,mock_weak|S003|natural|r1,mock_weak,P2,same_topic,natural,0,False,0,False
mock_weak|S003|natural|r1|P3|same_topic|r0,mock_weak|S003|natural|r1,mock_weak,P3,same_topic,natural,0,False,0,False
mock_weak|S003|natural|r1|P3|same_topic|r1,mock_weak|S003|natural|r1,mock_weak,P3,same_topic,natural,0,False,0,False
mock_weak|S003|natural|r1|P4|same_topic|r0,mock_weak|S003|natural|r1,mock_weak,P4,same_topic,natural,0,False,0,False
mock_weak|S003|natural|r1|P4|same_topic|r1,mock_weak|S003|natural|r1,mock_weak,P4,same_topic,natural,0,False,0,False
mock_weak|S004|natural|r0|P1|same_topic|r0,mock_weak|S004|natural|r0,mock_weak,P1,same_topic,natural,4,False,6,True
mock_weak|S004|natural|r0|P1|same_topic|r1,mock_weak|S004|natural|r0,mock_weak,P1,same_topic,natural,6,True,6,False
mock_weak|S004|natural|r0|P2|same_topic|r0,mock_weak|S004|natural|r0,mock_weak,P2,same_topic,natural,0,False,0,False
mock_weak|S004|natural|r0|P2|same_topic|r1,mock_weak|S004|natural|r0,mock_weak,P2,same_topic,natural,0,False,0,False
mock_weak|S004|natural|r0|P2|unrelated|r0,mock_weak|S004|natural|r0,mock_weak,P2,unrelated,natural,0,False,0,False
mock_weak|S004|natural|r0|P2|unrelated|r1,mock_weak|S004|natural|r0,mock_weak,P2,unrelated,natural,0,False,0,False
mock_weak|S004|natural|r0|P3|same_topic|r0,mock_weak|S004|natural|r0,mock_weak,P3,same_topic,natural,6,True,6,False
mock_weak|S004|natural|r0|P3|same_topic|r1,mock_weak|S004|natural|r0,mock_weak,P3,same_topic,natural,6,True,6,False
mock_weak|S004|natural|r0|P3|unrelated|r0,mock_weak|S004|natural|r0,mock_weak,P3,unrelated,natural,4,False,6,True
mock_weak|S004|natural|r0|P3|unrelated|r1,mock_weak|S004|natural|r0,mock_weak,P3,unrelated,natural,1,False,6,True
mock_weak|S004|natural|r0|P4|same_topic|r0,mock_weak|S004|natural|r0,mock_weak,P4,same_topic,natural,0,False,0,False
mock_weak|S004|natural|r0|P4|same_topic|r1,mock_weak|S004|natural|r0,mock_weak,P4,same_topic,natural,0,False,0,False
mock_weak|S004|natural|r1|P1|same_topic|r0,mock_weak|S004|natural|r1,mock_weak,P1,same_topic,natural,6,True,6,False
mock_weak|S004|natural|r1|P1|same_topic|r1,mock_weak|S004|natural|r1,mock_weak,P1,same_topic,natural,0,False,6,True
mock_weak|S004|natural|r1|P2|same_topic|r0,mock_weak|S004|natural|r1,mock_weak,P2,same_topic,natural,0,False,6,True
mock_weak|S004|natural|r1|P2|same_topic|r1,mock_weak|S004|natural|r1,mock_weak,P2,same_topic,natural,1,False,6,True
mock_weak|S004|natural|r1|P2|unrelated|r0,mock_weak|S004|natural|r1,mock_weak,P2,unrelated,natural,1,False,4,True
mock_weak|S004|natural|r1|P2|unrelated|r1,mock_weak|S004|natural|r1,mock_weak,P2,unrelated,natural,0,False,6,True
mock_weak|S004|natural|r1|P3|same_topic|r0,mock_weak|S004|natural|r1,mock_weak,P3,same_topic,natural,0,False,0,False
mock_weak|S004|natural|r1|P3|same_topic|r1,mock_weak|S004|natural|r1,mock_weak,P3,same_topic,natural,6,True,6,False
mock_weak|S004|natural|r1|P3|unrelated|r0,mock_weak|S004|natural|r1,mock_weak,P3,unrelated,natural,0,False,0,False
mock_weak|S004|natural|r1|P3|unrelated|r1,mock_weak|S004|natural|r1,mock_weak,P3,unrelated,natural,6,True,6,False
mock_weak|S004|natural|r1|P4|same_topic|r0,mock_weak|S004|natural|r1,mock_weak,P4,same_topic,natural,0,False,0,False
mock_weak|S004|natural|r1|P4|same_topic|r1,mock_weak|S004|natural|r1,mock_weak,P4,same_topic,natural,0,False,0,False
mock_weak|S005|natural|r0|P1|same_topic|r0,mock_weak|S005|natural|r0,mock_weak,P1,same_topic,natural,6,True,6,False
mock_weak|S005|natural|r0|P1|same_topic|r1,mock_weak|S005|natural|r0,mock_weak,P1,same_topic,natural,6,True,6,False
mock_weak|S005|natural|r0|P2|same_topic|r0,mock_weak|S005|natural|r0,mock_weak,P2,same_topic,natural,1,False,6,True
mock_weak|S005|natural|r0|P2|same_topic|r1,mock_weak|S005|natural|r0,mock_weak,P2,same_topic,natural,1,False,6,True
mock_weak|S005|natural|r0|P2|unrelated|r0,mock_weak|S005|natural|r0,mock_weak,P2,unrelated,natural,0,False,6,True
mock_weak|S005|natural|r0|P2|unrelated|r1,mock_weak|S005|natural|r0,mock_weak,P2,unrelated,natural,0,False,6,True
mock_weak|S005|natural|r0|P3|same_topic|r0,mock_weak|S005|natural|r0,mock_weak,P3,same_topic,natural,0,False,0,False
mock_weak|S005|natural|r0|P3|same_topic|r1,mock_weak|S005|natural|r0,mock_weak,P3,same_topic,natural,6,True,6,False
mock_weak|S005|natural|r0|P3|unrelated|r0,mock_weak|S005|natural|r0,mock_weak,P3,unrelated,natural,0,False,0,False
mock_weak|S005|natural|r0|P3|unrelated|r1,mock_weak|S005|natural|r0,mock_weak,P3,unrelated,natural,6,True,6,False
mock_weak|S005|natural|r0|P4|same_topic|r0,mock_weak|S005|natural|r0,mock_weak,P4,same_topic,natural,0,False,0,False
mock_weak|S005|natural|r0|P4|same_topic|r1,mock_weak|S005|natural|r0,mock_weak,P4,same_topic,natural,0,False,0,False
mock_weak|S005|natural|r1|P1|same_topic|r0,mock_weak|S005|natural|r1,mock_weak,P1,same_topic,natural,6,True,6,False
mock_weak|S005|natural|r1|P1|same_topic|r1,mock_weak|S005|natural|r1,mock_weak,P1,same_topic,natural,6,True,6,False
mock_weak|S005|natural|r1|P2|same_topic|r0,mock_weak|S005|natural|r1,mock_weak,P2,same_topic,natural,6,True,6,False
mock_weak|S005|natural|r1|P2|same_topic|r1,mock_weak|S005|natural|r1,mock_weak,P2,same_topic,natural,6,True,6,False
mock_weak|S005|natural|r1|P2|unrelated|r0,mock_weak|S005|natural|r1,mock_weak,P2,unrelated,natural,0,False,6,True
mock_weak|S005|natural|r1|P2|unrelated|r1,mock_weak|S005|natural|r1,mock_weak,P2,unrelated,natural,0,False,6,True
mock_weak|S005|natural|r1|P3|same_topic|r0,mock_weak|S005|natural|r1,mock_weak,P3,same_topic,natural,0,False,6,True
mock_weak|S005|natural|r1|P3|same_topic|r1,mock_weak|S005|natural|r1,mock_weak,P3,same_topic,natural,6,True,6,False
mock_weak|S005|natural|r1|P3|unrelated|r0,mock_weak|S005|natural|r1,mock_weak,P3,unrelated,natural,6,True,6,False
mock_weak|S005|natural|r1|P3|unrelated|r1,mock_weak|S005|natural|r1,mock_weak,P3,unrelated,natural,6,True,6,False
mock_weak|S005|natural|r1|P4|same_topic|r0,mock_weak|S005|natural|r1,mock_weak,P4,same_topic,natural,0,False,0,False
mock_weak|S005|natural|r1|P4|same_topic|r1,mock_weak|S005|natural|r1,mock_weak,P4,same_topic,natural,0,False,0,False
mock_weak|S006|natural|r0|P1|same_topic|r0,mock_weak|S006|natural|r0,mock_weak,P1,same_topic,natural,6,True,6,False
mock_weak|S006|natural|r0|P1|same_topic|r1,mock_weak|S006|natural|r0,mock_weak,P1,same_topic,natural,6,True,6,False
mock_weak|S006|natural|r0|P2|same_topic|r0,mock_weak|S006|natural|r0,mock_weak,P2,same_topic,natural,0,False,0,False
mock_weak|S006|natural|r0|P2|same_topic|r1,mock_weak|S006|natural|r0,mock_weak,P2,same_topic,natural,0,False,0,False
mock_weak|S006|natural|r0|P2|unrelated|r0,mock_weak|S006|natural|r0,mock_weak,P2,unrelated,natural,0,False,0,False
mock_weak|S006|natural|r0|P2|unrelated|r1,mock_weak|S006|natural|r0,mock_weak,P2,unrelated,natural,0,False,0,False
mock_weak|S006|natural|r0|P3|same_topic|r0,mock_weak|S006|natural|r0,mock_weak,P3,same_topic,natural,0,False,0,False
mock_weak|S006|natural|r0|P3|same_topic|r1,mock_weak|S006|natural|r0,mock_weak,P3,same_topic,natural,0,False,0,False
mock_weak|S006|natural|r0|P3|unrelated|r0,mock_weak|S006|natural|r0,mock_weak,P3,unrelated,natural,0,False,0,False
mock_weak|S006|natural|r0|P3|unrelated|r1,mock_weak|S006|natural|r0,mock_weak,P3,unrelated,natural,0,False,0,False
mock_weak|S006|natural|r0|P4|same_topic|r0,mock_weak|S006|natural|r0,mock_weak,P4,same_topic,natural,0,False,0,False
mock_weak|S006|natural|r0|P4|same_topic|r1,mock_weak|S006|natural|r0,mock_weak,P4,same_topic,natural,0,False,0,False
mock_weak|S006|natural|r1|P1|same_topic|r0,mock_weak|S006|natural|r1,mock_weak,P1,same_topic,natural,1,False,6,True
mock_weak|S006|natural|r1|P1|same_topic|r1,mock_weak|S006|natural|r1,mock_weak,P1,same_topic,natural,3,False,5,True
mock_weak|S006|natural|r1|P2|same_topic|r0,mock_weak|S006|natural|r1,mock_weak,P2,same_topic,natural,0,False,0,False
mock_weak|S006|natural|r1|P2|same_topic|r1,mock_weak|S006|natural|r1,mock_weak,P2,same_topic,natural,0,False,0,False
mock_weak|S006|natural|r1|P2|unrelated|r0,mock_weak|S006|natural|r1,mock_weak,P2,unrelated,natural,0,False,0,False
mock_weak|S006|natural|r1|P2|unrelated|r1,mock_weak|S006|natural|r1,mock_weak,P2,unrelated,natural,0,False,0,False
mock_weak|S006|natural|r1|P3|same_topic|r0,mock_weak|S006|natural|r1,mock_weak,P3,same_topic,natural,0,False,0,False
mock_weak|S006|natural|r1|P3|same_topic|r1,mock_weak|S006|natural|r1,mock_weak,P3,same_topic,natural,0,False,0,False
mock_weak|S006|natural|r1|P3|unrelated|r0,mock_weak|S006|natural|r1,mock_weak,P3,unrelated,natural,0,False,0,False
mock_weak|S006|natural|r1|P3|unrelated|r1,mock_weak|S006|natural|r1,mock_weak,P3,unrelated,natural,0,False,0,False
mock_weak|S006|natural|r1|P4|same_topic|r0,mock_weak|S006|natural|r1,mock_weak,P4,same_topic,natural,0,False,0,False
mock_weak|S006|natural|r1|P4|same_topic|r1,mock_weak|S006|natural|r1,mock_weak,P4,same_topic,natural,0,False,0,False
mock_weak|S007|natural|r1|P1|same_topic|r0,mock_weak|S007|natural|r1,mock_weak,P1,same_topic,natural,2,False,5,True
mock_weak|S007|natural|r1|P1|same_topic|r1,mock_weak|S007|natural|r1,mock_weak,P1,same_topic,natural,4,False,6,True
mock_weak|S007|natural|r1|P2|same_topic|r0,mock_weak|S007|natural|r1,mock_weak,P2,same_topic,natural,0,False,0,False
mock_weak|S007|natural|r1|P2|same_topic|r1,mock_weak|S007|natural|r1,mock_weak,P2,same_topic,natural,0,False,0,False
mock_weak|S007|natural|r1|P2|unrelated|r0,mock_weak|S007|natural|r1,mock_weak,P2,unrelated,natural,0,False,0,False
mock_weak|S007|natural|r1|P2|unrelated|r1,mock_weak|S007|natural|r1,mock_weak,P2,unrelated,natural,0,False,0,False
mock_weak|S007|natural|r1|P3|same_topic|r0,mock_weak|S007|natural|r1,mock_weak,P3,same_topic,natural,0,False,0,False
mock_weak|S007|natural|r1|P3|same_topic|r1,mock_weak|S007|natural|r1,mock_weak,P3,same_topic,natural,0,False,0,False
mock_weak|S007|natural|r1|P3|unrelated|r0,mock_weak|S007|natural|r1,mock_weak,P3,unrelated,natural,0,False,0,False
mock_weak|S007|natural|r1|P3|unrelated|r1,mock_weak|S007|natural|r1,mock_weak,P3,unrelated,natural,0,False,0,False
mock_weak|S007|natural|r1|P4|same_topic|r0,mock_weak|S007|natural|r1,mock_weak,P4,same_topic,natural,0,False,0,False
mock_weak|S007|natural|r1|P4|same_topic|r1,mock_weak|S007|natural|r1,mock_weak,P4,same_topic,natural,0,False,0,False
mock_weak|S009|natural|r1|P1|same_topic|r0,mock_weak|S009|natural|r1,mock_weak,P1,same_topic,natural,0,False,5,True
mock_weak|S009|natural|r1|P1|same_topic|r1,mock_weak|S009|natural|r1,mock_weak,P1,same_topic,natural,0,False,6,True
mock_weak|S009|natural|r1|P2|same_topic|r0,mock_weak|S009|natural|r1,mock_weak,P2,same_topic,natural,0,False,0,False
mock_weak|S009|natural|r1|P2|same_topic|r1,mock_weak|S009|natural|r1,mock_weak,P2,same_topic,natural,0,False,0,False
mock_weak|S009|natural|r1|P2|unrelated|r0,mock_weak|S009|natural|r1,mock_weak,P2,unrelated,natural,0,False,0,False
mock_weak|S009|natural|r1|P2|unrelated|r1,mock_weak|S009|natural|r1,mock_weak,P2,unrelated,natural,0,False,0,False
mock_weak|S009|natural|r1|P3|same_topic|r0,mock_weak|S009|natural|r1,mock_weak,P3,same_topic,natural,0,False,0,False
mock_weak|S009|natural|r1|P3|same_topic|r1,mock_weak|S009|natural|r1,mock_weak,P3,same_topic,natural,0,False,0,False
mock_weak|S009|natural|r1|P3|unrelated|r0,mock_weak|S009|natural|r1,mock_weak,P3,unrelated,natural,0,False,0,False
mock_weak|S009|natural|r1|P3|unrelated|r1,mock_weak|S009|natural|r1,mock_weak,P3,unrelated,natural,0,False,0,False
mock_weak|S009|natural|r1|P4|same_topic|r0,mock_weak|S009|natural|r1,mock_weak,P4,same_topic,natural,0,False,0,False
mock_weak|S009|natural|r1|P4|same_topic|r1,mock_weak|S009|natural|r1,mock_weak,P4,same_topic,natural,0,False,0,False
mock_weak|S010|natural|r0|P1|same_topic|r0,mock_weak|S010|natural|r0,mock_weak,P1,same_topic,natural,3,False,5,True
mock_weak|S010|natural|r0|P1|same_topic|r1,mock_weak|S010|natural|r0,mock_weak,P1,same_topic,natural,0,False,6,True
mock_weak|S010|natural|r0|P2|same_topic|r0,mock_weak|S010|natural|r0,mock_weak,P2,same_topic,natural,0,False,0,False
mock_weak|S010|natural|r0|P2|same_topic|r1,mock_weak|S010|natural|r0,mock_weak,P2,same_topic,natural,0,False,0,False
mock_weak|S010|natural|r0|P2|unrelated|r0,mock_weak|S010|natural|r0,mock_weak,P2,unrelated,natural,0,False,0,False
mock_weak|S010|natural|r0|P2|unrelated|r1,mock_weak|S010|natural|r0,mock_weak,P2,unrelated,natural,0,False,0,False
mock_weak|S010|natural|r0|P3|same_topic|r0,mock_weak|S010|natural|r0,mock_weak,P3,same_topic,natural,0,False,0,False
mock_weak|S010|natural|r0|P3|same_topic|r1,mock_weak|S010|natural|r0,mock_weak,P3,same_topic,natural,0,False,0,False
mock_weak|S010|natural|r0|P3|unrelated|r0,mock_weak|S010|natural|r0,mock_weak,P3,unrelated,natural,0,False,0,False
mock_weak|S010|natural|r0|P3|unrelated|r1,mock_weak|S010|natural|r0,mock_weak,P3,unrelated,natural,0,False,0,False
mock_weak|S010|natural|r0|P4|same_topic|r0,mock_weak|S010|natural|r0,mock_weak,P4,same_topic,natural,0,False,0,False
mock_weak|S010|natural|r0|P4|same_topic|r1,mock_weak|S010|natural|r0,mock_weak,P4,same_topic,natural,0,False,0,False
mock_weak|S010|natural|r1|P1|same_topic|r0,mock_weak|S010|natural|r1,mock_weak,P1,same_topic,natural,6,True,6,False
mock_weak|S010|natural|r1|P1|same_topic|r1,mock_weak|S010|natural|r1,mock_weak,P1,same_topic,natural,5,False,5,False
mock_weak|S010|natural|r1|P2|same_topic|r0,mock_weak|S010|natural|r1,mock_weak,P2,same_topic,natural,0,False,0,False
mock_weak|S010|natural|r1|P2|same_topic|r1,mock_weak|S010|natural|r1,mock_weak,P2,same_topic,natural,0,False,0,False
mock_weak|S010|natural|r1|P2|unrelated|r0,mock_weak|S010|natural|r1,mock_weak,P2,unrelated,natural,0,False,0,False
mock_weak|S010|natural|r1|P2|unrelated|r1,mock_weak|S010|natural|r1,mock_weak,P2,unrelated,natural,0,False,0,False
mock_weak|S010|natural|r1|P3|same_topic|r0,mock_weak|S010|natural|r1,mock_weak,P3,same_topic,natural,0,False,0,False
mock_weak|S010|natural|r1|P3|same_topic|r1,mock_weak|S010|natural|r1,mock_weak,P3,same_topic,natural,0,False,0,False
mock_weak|S010|natural|r1|P3|unrelated|r0,mock_weak|S010|natural|r1,mock_weak,P3,unrelated,natural,0,False,0,False
mock_weak|S010|natural|r1|P3|unrelated|r1,mock_weak|S010|natural|r1,mock_weak,P3,unrelated,natural,0,False,0,False
mock_weak|S010|natural|r1|P4|same_topic|r0,mock_weak|S010|natural|r1,mock_weak,P4,same_topic,natural,0,False,0,False
mock_weak|S010|natural|r1|P4|same_topic|r1,mock_weak|S010|natural|r1,mock_weak,P4,same_topic,natural,0,False,0,False
mock_weak|S011|natural|r1|P1|same_topic|r0,mock_weak|S011|natural|r1,mock_weak,P1,same_topic,natural,6,True,6,False
mock_weak|S011|natural|r1|P1|same_topic|r1,mock_weak|S011|natural|r1,mock_weak,P1,same_topic,natural,0,False,6,True
mock_weak|S011|natural|r1|P2|same_topic|r0,mock_weak|S011|natural|r1,mock_weak,P2,same_topic,natural,0,False,0,False
mock_weak|S011|natural|r1|P2|same_topic|r1,mock_weak|S011|natural|r1,mock_weak,P2,same_topic,natural,0,False,0,False
mock_weak|S011|natural|r1|P2|unrelated|r0,mock_weak|S011|natural|r1,mock_weak,P2,unrelated,natural,0,False,0,False
mock_weak|S011|natural|r1|P2|unrelated|r1,mock_weak|S011|natural|r1,mock_weak,P2,unrelated,natural,0,False,0,False
mock_weak|S011|natural|r1|P3|same_topic|r0,mock_weak|S011|natural|r1,mock_weak,P3,same_topic,natural,0,False,0,False
mock_weak|S011|natural|r1|P3|same_topic|r1,mock_weak|S011|natural|r1,mock_weak,P3,same_topic,natural,0,False,0,False
mock_weak|S011|natural|r1|P3|unrelated|r0,mock_weak|S011|natural|r1,mock_weak,P3,unrelated,natural,0,False,0,False
mock_weak|S011|natural|r1|P3|unrelated|r1,mock_weak|S011|natural|r1,mock_weak,P3,unrelated,natural,0,False,0,False
mock_weak|S011|natural|r1|P4|same_topic|r0,mock_weak|S011|natural|r1,mock_weak,P4,same_topic,natural,0,False,0,False
mock_weak|S011|natural|r1|P4|same_topic|r1,mock_weak|S011|natural|r1,mock_weak,P4,same_topic,natural,0,False,0,False
mock_weak|S012|natural|r0|P1|same_topic|r0,mock_weak|S012|natural|r0,mock_weak,P1,same_topic,natural,2,False,6,True
mock_weak|S012|natural|r0|P1|same_topic|r1,mock_weak|S012|natural|r0,mock_weak,P1,same_topic,natural,0,False,6,True
mock_weak|S012|natural|r0|P2|same_topic|r0,mock_weak|S012|natural|r0,mock_weak,P2,same_topic,natural,0,False,0,False
mock_weak|S012|natural|r0|P2|same_topic|r1,mock_weak|S012|natural|r0,mock_weak,P2,same_topic,natural,0,False,0,False
mock_weak|S012|natural|r0|P2|unrelated|r0,mock_weak|S012|natural|r0,mock_weak,P2,unrelated,natural,0,False,0,False
mock_weak|S012|natural|r0|P2|unrelated|r1,mock_weak|S012|natural|r0,mock_weak,P2,unrelated,natural,0,False,0,False
mock_weak|S012|natural|r0|P3|same_topic|r0,mock_weak|S012|natural|r0,mock_weak,P3,same_topic,natural,0,False,0,False
mock_weak|S012|natural|r0|P3|same_topic|r1,mock_weak|S012|natural|r0,mock_weak,P3,same_topic,natural,0,False,0,False
mock_weak|S012|natural|r0|P3|unrelated|r0,mock_weak|S012|natural|r0,mock_weak,P3,unrelated,natural,0,False,0,False
mock_weak|S012|natural|r0|P3|unrelated|r1,mock_weak|S012|natural|r0,mock_weak,P3,unrelated,natural,0,False,0,False
mock_weak|S012|natural|r0|P4|same_topic|r0,mock_weak|S012|natural|r0,mock_weak,P4,same_topic,natural,0,False,0,False
mock_weak|S012|natural|r0|P4|same_topic|r1,mock_weak|S012|natural|r0,mock_weak,P4,same_topic,natural,0,False,0,False
mock_weak|S012|natural|r1|P1|same_topic|r0,mock_weak|S012|natural|r1,mock_weak,P1,same_topic,natural,0,False,6,True
mock_weak|S012|natural|r1|P1|same_topic|r1,mock_weak|S012|natural|r1,mock_weak,P1,same_topic,natural,3,False,5,True
mock_weak|S012|natural|r1|P2|same_topic|r0,mock_weak|S012|natural|r1,mock_weak,P2,same_topic,natural,0,False,0,False
mock_weak|S012|natural|r1|P2|same_topic|r1,mock_weak|S012|natural|r1,mock_weak,P2,same_topic,natural,0,False,0,False
mock_weak|S012|natural|r1|P2|unrelated|r0,mock_weak|S012|natural|r1,mock_weak,P2,unrelated,natural,0,False,0,False
mock_weak|S012|natural|r1|P2|unrelated|r1,mock_weak|S012|natural|r1,mock_weak,P2,unrelated,natural,0,False,0,False
mock_weak|S012|natural|r1|P3|same_topic|r0,mock_weak|S012|natural|r1,mock_weak,P3,same_topic,natural,0,False,0,False
mock_weak|S012|natural|r1|P3|same_topic|r1,mock_weak|S012|natural|r1,mock_weak,P3,same_topic,natural,0,False,0,False
mock_weak|S012|natural|r1|P3|unrelated|r0,mock_weak|S012|natural|r1,mock_weak,P3,unrelated,natural,0,False,0,False
mock_weak|S012|natural|r1|P3|unrelated|r1,mock_weak|S012|natural|r1,mock_weak,P3,unrelated,natural,0,False,0,False
mock_weak|S012|natural|r1|P4|same_topic|r0,mock_weak|S012|natural|r1,mock_weak,P4,same_topic,natural,0,False,0,False
mock_weak|S012|natural|r1|P4|same_topic|r1,mock_weak|S012|natural|r1,mock_weak,P4,same_topic,natural,0,False,0,False
mock_weak|S015|natural|r0|P1|same_topic|r0,mock_weak|S015|natural|r0,mock_weak,P1,same_topic,natural,6,True,6,False
mock_weak|S015|natural|r0|P1|same_topic|r1,mock_weak|S015|natural|r0,mock_weak,P1,same_topic,natural,2,False,6,True
mock_weak|S015|natural|r0|P2|same_topic|r0,mock_weak|S015|natural|r0,mock_weak,P2,same_topic,natural,0,False,0,False
mock_weak|S015|natural|r0|P2|same_topic|r1,mock_weak|S015|natural|r0,mock_weak,P2,same_topic,natural,0,False,0,False
mock_weak|S015|natural|r0|P2|unrelated|r0,mock_weak|S015|natural|r0,mock_weak,P2,unrelated,natural,0,False,0,False
mock_weak|S015|natural|r0|P2|unrelated|r1,mock_weak|S015|natural|r0,mock_weak,P2,unrelated,natural,0,False,0,False
mock_weak|S015|natural|r0|P3|same_topic|r0,mock_weak|S015|natural|r0,mock_weak,P3,same_topic,natural,0,False,0,False
mock_weak|S015|natural|r0|P3|same_topic|r1,mock_weak|S015|natural|r0,mock_weak,P3,same_topic,natural,0,False,0,False
mock_weak|S015|natural|r0|P3|unrelated|r0,mock_weak|S015|natural|r0,mock_weak,P3,unrelated,natural,0,False,0,False
mock_weak|S015|natural|r0|P3|unrelated|r1,mock_weak|S015|natural|r0,mock_weak,P3,unrelated,natural,0,False,0,False
mock_weak|S015|natural|r0|P4|same_topic|r0,mock_weak|S015|natural|r0,mock_weak,P4,same_topic,natural,0,False,0,False
mock_weak|S015|natural|r0|P4|same_topic|r1,mock_weak|S015|natural|r0,mock_weak,P4,same_topic,natural,0,False,0,False
mock_weak|S015|natural|r1|P1|same_topic|r0,mock_weak|S015|natural|r1,mock_weak,P1,same_topic,natural,5,False,5,False
mock_weak|S015|natural|r1|P1|same_topic|r1,mock_weak|S015|natural|r1,mock_weak,P1,same_topic,natural,0,False,6,True
mock_weak|S015|natural|r1|P2|same_topic|r0,mock_weak|S015|natural|r1,mock_weak,P2,same_topic,natural,0,False,0,False
mock_weak|S015|natural|r1|P2|same_topic|r1,mock_weak|S015|natural|r1,mock_weak,P2,same_topic,natural,0,False,0,False
mock_weak|S015|natural|r1|P2|unrelated|r0,mock_weak|S015|natural|r1,mock_weak,P2,unrelated,natural,0,False,0,False
mock_weak|S015|natural|r1|P2|unrelated|r1,mock_weak|S015|natural|r1,mock_weak,P2,unrelated,natural,0,False,0,False
mock_weak|S015|natural|r1|P3|same_topic|r0,mock_weak|S015|natural|r1,mock_weak,P3,same_topic,natural,0,False,0,False
mock_weak|S015|natural|r1|P3|same_topic|r1,mock_weak|S015|natural|r1,mock_weak,P3,same_topic,natural,0,False,0,False
mock_weak|S015|natural|r1|P3|unrelated|r0,mock_weak|S015|natural|r1,mock_weak,P3,unrelated,natural,0,False,0,False
mock_weak|S015|natural|r1|P3|unrelated|r1,mock_weak|S015|natural|r1,mock_weak,P3,unrelated,natural,0,False,0,False
mock_weak|S015|natural|r1|P4|same_topic|r0,mock_weak|S015|natural|r1,mock_weak,P4,same_topic,natural,0,False,0,False
mock_weak|S015|natural|r1|P4|same_topic|r1,mock_weak|S015|natural|r1,mock_weak,P4,same_topic,natural,0,False,0,False
mock_weak|S016|natural|r0|P1|same_topic|r0,mock_weak|S016|natural|r0,mock_weak,P1,same_topic,natural,1,False,6,True
mock_weak|S016|natural|r0|P1|same_topic|r1,mock_weak|S016|natural|r0,mock_weak,P1,same_topic,natural,0,False,6,True
mock_weak|S016|natural|r0|P2|same_topic|r0,mock_weak|S016|natural|r0,mock_weak,P2,same_topic,natural,0,False,0,False
mock_weak|S016|natural|r0|P2|same_topic|r1,mock_weak|S016|natural|r0,mock_weak,P2,same_topic,natural,0,False,0,False
mock_weak|S016|natural|r0|P2|unrelated|r0,mock_weak|S016|natural|r0,mock_weak,P2,unrelated,natural,0,False,0,False
mock_weak|S016|natural|r0|P2|unrelated|r1,mock_weak|S016|natural|r0,mock_weak,P2,unrelated,natural,0,False,0,False
mock_weak|S016|natural|r0|P3|same_topic|r0,mock_weak|S016|natural|r0,mock_weak,P3,same_topic,natural,0,False,0,False
mock_weak|S016|natural|r0|P3|same_topic|r1,mock_weak|S016|natural|r0,mock_weak,P3,same_topic,natural,0,False,0,False
mock_weak|S016|natural|r0|P3|unrelated|r0,mock_weak|S016|natural|r0,mock_weak,P3,unrelated,natural,0,False,0,False
mock_weak|S016|natural|r0|P3|unrelated|r1,mock_weak|S016|natural|r0,mock_weak,P3,unrelated,natural,0,False,0,False
mock_weak|S016|natural|r0|P4|same_topic|r0,mock_weak|S016|natural|r0,mock_weak,P4,same_topic,natural,0,False,0,False
mock_weak|S016|natural|r0|P4|same_topic|r1,mock_weak|S016|natural|r0,mock_weak,P4,same_topic,natural,0,False,0,False
mock_weak|S016|natural|r1|P1|same_topic|r0,mock_weak|S016|natural|r1,mock_weak,P1,same_topic,natural,6,True,6,False
mock_weak|S016|natural|r1|P1|same_topic|r1,mock_weak|S016|natural|r1,mock_weak,P1,same_topic,natural,1,False,5,True
mock_weak|S016|natural|r1|P2|same_topic|r0,mock_weak|S016|natural|r1,mock_weak,P2,same_topic,natural,0,False,0,False
mock_weak|S016|natural|r1|P2|same_topic|r1,mock_weak|S016|natural|r1,mock_weak,P2,same_topic,natural,0,False,0,False
mock_weak|S016|natural|r1|P2|unrelated|r0,mock_weak|S016|natural|r1,mock_weak,P2,unrelated,natural,0,False,0,False
mock_weak|S016|natural|r1|P2|unrelated|r1,mock_weak|S016|natural|r1,mock_weak,P2,unrelated,natural,0,False,0,False
mock_weak|S016|natural|r1|P3|same_topic|r0,mock_weak|S016|natural|r1,mock_weak,P3,same_topic,natural,0,False,0,False
mock_weak|S016|natural|r1|P3|same_topic|r1,mock_weak|S016|natural|r1,mock_weak,P3,same_topic,natural,0,False,0,False
mock_weak|S016|natural|r1|P3|unrelated|r0,mock_weak|S016|natural|r1,mock_weak,P3,unrelated,natural,0,False,0,False
mock_weak|S016|natural|r1|P3|unrelated|r1,mock_weak|S016|natural|r1,mock_weak,P3,unrelated,natural,0,False,0,False
mock_weak|S016|natural|r1|P4|same_topic|r0,mock_weak|S016|natural|r1,mock_weak,P4,same_topic,natural,0,False,0,False
mock_weak|S016|natural|r1|P4|same_topic|r1,mock_weak|S016|natural|r1,mock_weak,P4,same_topic,natural,0,False,0,False
mock_weak|S017|natural|r0|P1|same_topic|r0,mock_weak|S017|natural|r0,mock_weak,P1,same_topic,natural,6,True,6,False
mock_weak|S017|natural|r0|P1|same_topic|r1,mock_weak|S017|natural|r0,mock_weak,P1,same_topic,natural,6,True,6,False
mock_weak|S017|natural|r0|P2|same_topic|r0,mock_weak|S017|natural|r0,mock_weak,P2,same_topic,natural,0,False,0,False
mock_weak|S017|natural|r0|P2|same_topic|r1,mock_weak|S017|natural|r0,mock_weak,P2,same_topic,natural,0,False,0,False
mock_weak|S017|natural|r0|P2|unrelated|r0,mock_weak|S017|natural|r0,mock_weak,P2,unrelated,natural,0,False,0,False
mock_weak|S017|natural|r0|P2|unrelated|r1,mock_weak|S017|natural|r0,mock_weak,P2,unrelated,natural,0,False,0,False
mock_weak|S017|natural|r0|P3|same_topic|r0,mock_weak|S017|natural|r0,mock_weak,P3,same_topic,natural,0,False,0,False
mock_weak|S017|natural|r0|P3|same_topic|r1,mock_weak|S017|natural|r0,mock_weak,P3,same_topic,natural,0,False,0,False
mock_weak|S017|natural|r0|P3|unrelated|r0,mock_weak|S017|natural|r0,mock_weak,P3,unrelated,natural,0,False,0,False
mock_weak|S017|natural|r0|P3|unrelated|r1,mock_weak|S017|natural|r0,mock_weak,P3,unrelated,natural,0,False,0,False
mock_weak|S017|natural|r0|P4|same_topic|r0,mock_weak|S017|natural|r0,mock_weak,P4,same_topic,natural,0,False,0,False
mock_weak|S017|natural|r0|P4|same_topic|r1,mock_weak|S017|natural|r0,mock_weak,P4,same_topic,natural,0,False,0,False
mock_weak|S017|natural|r1|P1|same_topic|r0,mock_weak|S017|natural|r1,mock_weak,P1,same_topic,natural,1,False,6,True
mock_weak|S017|natural|r1|P1|same_topic|r1,mock_weak|S017|natural|r1,mock_weak,P1,same_topic,natural,3,False,6,True
mock_weak|S017|natural|r1|P2|same_topic|r0,mock_weak|S017|natural|r1,mock_weak,P2,same_topic,natural,0,False,0,False
mock_weak|S017|natural|r1|P2|same_topic|r1,mock_weak|S017|natural|r1,mock_weak,P2,same_topic,natural,0,False,0,False
mock_weak|S017|natural|r1|P2|unrelated|r0,mock_weak|S017|natural|r1,mock_weak,P2,unrelated,natural,0,False,0,False
mock_weak|S017|natural|r1|P2|unrelated|r1,mock_weak|S017|natural|r1,mock_weak,P2,unrelated,natural,0,False,0,False
mock_weak|S017|natural|r1|P3|same_topic|r0,mock_weak|S017|natural|r1,mock_weak,P3,same_topic,natural,0,False,0,False
mock_weak|S017|natural|r1|P3|same_topic|r1,mock_weak|S017|natural|r1,mock_weak,P3,same_topic,natural,0,False,0,False
mock_weak|S017|natural|r1|P3|unrelated|r0,mock_weak|S017|natural|r1,mock_weak,P3,unrelated,natural,0,False,0,False
mock_weak|S017|natural|r1|P3|unrelated|r1,mock_weak|S017|natural|r1,mock_weak,P3,unrelated,natural,0,False,0,False
mock_weak|S017|natural|r1|P4|same_topic|r0,mock_weak|S017|natural|r1,mock_weak,P4,same_topic,natural,0,False,0,False
mock_weak|S017|natural|r1|P4|same_topic|r1,mock_weak|S017|natural|r1,mock_weak,P4,same_topic,natural,0,False,0,False
mock_weak|S018|natural|r0|P1|same_topic|r0,mock_weak|S018|natural|r0,mock_weak,P1,same_topic,natural,3,False,6,True
mock_weak|S018|natural|r0|P1|same_topic|r1,mock_weak|S018|natural|r0,mock_weak,P1,same_topic,natural,0,False,6,True
mock_weak|S018|natural|r0|P2|same_topic|r0,mock_weak|S018|natural|r0,mock_weak,P2,same_topic,natural,0,False,0,False
mock_weak|S018|natural|r0|P2|same_topic|r1,mock_weak|S018|natural|r0,mock_weak,P2,same_topic,natural,0,False,0,False
mock_weak|S018|natural|r0|P2|unrelated|r0,mock_weak|S018|natural|r0,mock_weak,P2,unrelated,natural,0,False,0,False
mock_weak|S018|natural|r0|P2|unrelated|r1,mock_weak|S018|natural|r0,mock_weak,P2,unrelated,natural,0,False,0,False
mock_weak|S018|natural|r0|P3|same_topic|r0,mock_weak|S018|natural|r0,mock_weak,P3,same_topic,natural,0,False,0,False
mock_weak|S018|natural|r0|P3|same_topic|r1,mock_weak|S018|natural|r0,mock_weak,P3,same_topic,natural,0,False,0,False
mock_weak|S018|natural|r0|P3|unrelated|r0,mock_weak|S018|natural|r0,mock_weak,P3,unrelated,natural,0,False,0,False
mock_weak|S018|natural|r0|P3|unrelated|r1,mock_weak|S018|natural|r0,mock_weak,P3,unrelated,natural,0,False,0,False
mock_weak|S018|natural|r0|P4|same_topic|r0,mock_weak|S018|natural|r0,mock_weak,P4,same_topic,natural,0,False,0,False
mock_weak|S018|natural|r0|P4|same_topic|r1,mock_weak|S018|natural|r0,mock_weak,P4,same_topic,natural,0,False,0,False
mock_weak|S018|natural|r1|P1|same_topic|r0,mock_weak|S018|natural|r1,mock_weak,P1,same_topic,natural,1,False,6,True
mock_weak|S018|natural|r1|P1|same_topic|r1,mock_weak|S018|natural|r1,mock_weak,P1,same_topic,natural,6,True,6,False
mock_weak|S018|natural|r1|P2|same_topic|r0,mock_weak|S018|natural|r1,mock_weak,P2,same_topic,natural,0,False,0,False
mock_weak|S018|natural|r1|P2|same_topic|r1,mock_weak|S018|natural|r1,mock_weak,P2,same_topic,natural,0,False,0,False
mock_weak|S018|natural|r1|P2|unrelated|r0,mock_weak|S018|natural|r1,mock_weak,P2,unrelated,natural,0,False,0,False
mock_weak|S018|natural|r1|P2|unrelated|r1,mock_weak|S018|natural|r1,mock_weak,P2,unrelated,natural,0,False,0,False
mock_weak|S018|natural|r1|P3|same_topic|r0,mock_weak|S018|natural|r1,mock_weak,P3,same_topic,natural,0,False,0,False
mock_weak|S018|natural|r1|P3|same_topic|r1,mock_weak|S018|natural|r1,mock_weak,P3,same_topic,natural,0,False,0,False
mock_weak|S018|natural|r1|P3|unrelated|r0,mock_weak|S018|natural|r1,mock_weak,P3,unrelated,natural,0,False,0,False
mock_weak|S018|natural|r1|P3|unrelated|r1,mock_weak|S018|natural|r1,mock_weak,P3,unrelated,natural,0,False,0,False
mock_weak|S018|natural|r1|P4|same_topic|r0,mock_weak|S018|natural|r1,mock_weak,P4,same_topic,natural,0,False,0,False
mock_weak|S018|natural|r1|P4|same_topic|r1,mock_weak|S018|natural|r1,mock_weak,P4,same_topic,natural,0,False,0,False
mock_weak|S019|natural|r0|P1|same_topic|r0,mock_weak|S019|natural|r0,mock_weak,P1,same_topic,natural,5,False,5,False
mock_weak|S019|natural|r0|P1|same_topic|r1,mock_weak|S019|natural|r0,mock_weak,P1,same_topic,natural,1,False,6,True
mock_weak|S019|natural|r0|P2|same_topic|r0,mock_weak|S019|natural|r0,mock_weak,P2,same_topic,natural,0,False,0,False
mock_weak|S019|natural|r0|P2|same_topic|r1,mock_weak|S019|natural|r0,mock_weak,P2,same_topic,natural,0,False,0,False
mock_weak|S019|natural|r0|P2|unrelated|r0,mock_weak|S019|natural|r0,mock_weak,P2,unrelated,natural,0,False,0,False
mock_weak|S019|natural|r0|P2|unrelated|r1,mock_weak|S019|natural|r0,mock_weak,P2,unrelated,natural,0,False,0,False
mock_weak|S019|natural|r0|P3|same_topic|r0,mock_weak|S019|natural|r0,mock_weak,P3,same_topic,natural,0,False,0,False
mock_weak|S019|natural|r0|P3|same_topic|r1,mock_weak|S019|natural|r0,mock_weak,P3,same_topic,natural,0,False,0,False
mock_weak|S019|natural|r0|P3|unrelated|r0,mock_weak|S019|natural|r0,mock_weak,P3,unrelated,natural,0,False,0,False
mock_weak|S019|natural|r0|P3|unrelated|r1,mock_weak|S019|natural|r0,mock_weak,P3,unrelated,natural,0,False,0,False
mock_weak|S019|natural|r0|P4|same_topic|r0,mock_weak|S019|natural|r0,mock_weak,P4,same_topic,natural,0,False,0,False
mock_weak|S019|natural|r0|P4|same_topic|r1,mock_weak|S019|natural|r0,mock_weak,P4,same_topic,natural,0,False,0,False
mock_weak|S022|natural|r0|P1|same_topic|r0,mock_weak|S022|natural|r0,mock_weak,P1,same_topic,natural,2,False,6,True
mock_weak|S022|natural|r0|P1|same_topic|r1,mock_weak|S022|natural|r0,mock_weak,P1,same_topic,natural,3,False,6,True
mock_weak|S022|natural|r0|P2|same_topic|r0,mock_weak|S022|natural|r0,mock_weak,P2,same_topic,natural,0,False,0,False
mock_weak|S022|natural|r0|P2|same_topic|r1,mock_weak|S022|natural|r0,mock_weak,P2,same_topic,natural,0,False,0,False
mock_weak|S022|natural|r0|P2|unrelated|r0,mock_weak|S022|natural|r0,mock_weak,P2,unrelated,natural,0,False,0,False
mock_weak|S022|natural|r0|P2|unrelated|r1,mock_weak|S022|natural|r0,mock_weak,P2,unrelated,natural,0,False,0,False
mock_weak|S022|natural|r0|P3|same_topic|r0,mock_weak|S022|natural|r0,mock_weak,P3,same_topic,natural,1,False,6,True
mock_weak|S022|natural|r0|P3|same_topic|r1,mock_weak|S022|natural|r0,mock_weak,P3,same_topic,natural,0,False,0,False
mock_weak|S022|natural|r0|P3|unrelated|r0,mock_weak|S022|natural|r0,mock_weak,P3,unrelated,natural,6,True,6,False
mock_weak|S022|natural|r0|P3|unrelated|r1,mock_weak|S022|natural|r0,mock_weak,P3,unrelated,natural,0,False,0,False
mock_weak|S022|natural|r0|P4|same_topic|r0,mock_weak|S022|natural|r0,mock_weak,P4,same_topic,natural,0,False,0,False
mock_weak|S022|natural|r0|P4|same_topic|r1,mock_weak|S022|natural|r0,mock_weak,P4,same_topic,natural,0,False,0,False
mock_weak|S022|natural|r1|P1|same_topic|r0,mock_weak|S022|natural|r1,mock_weak,P1,same_topic,natural,6,True,6,False
mock_weak|S022|natural|r1|P1|same_topic|r1,mock_weak|S022|natural|r1,mock_weak,P1,same_topic,natural,6,True,6,False
mock_weak|S022|natural|r1|P2|same_topic|r0,mock_weak|S022|natural|r1,mock_weak,P2,same_topic,natural,0,False,0,False
mock_weak|S022|natural|r1|P2|same_topic|r1,mock_weak|S022|natural|r1,mock_weak,P2,same_topic,natural,0,False,0,False
mock_weak|S022|natural|r1|P2|unrelated|r0,mock_weak|S022|natural|r1,mock_weak,P2,unrelated,natural,0,False,0,False
mock_weak|S022|natural|r1|P2|unrelated|r1,mock_weak|S022|natural|r1,mock_weak,P2,unrelated,natural,0,False,0,False
mock_weak|S022|natural|r1|P3|same_topic|r0,mock_weak|S022|natural|r1,mock_weak,P3,same_topic,natural,5,False,5,False
mock_weak|S022|natural|r1|P3|same_topic|r1,mock_weak|S022|natural|r1,mock_weak,P3,same_topic,natural,2,False,6,True
mock_weak|S022|natural|r1|P3|unrelated|r0,mock_weak|S022|natural|r1,mock_weak,P3,unrelated,natural,5,False,5,False
mock_weak|S022|natural|r1|P3|unrelated|r1,mock_weak|S022|natural|r1,mock_weak,P3,unrelated,natural,1,False,6,True
mock_weak|S022|natural|r1|P4|same_topic|r0,mock_weak|S022|natural|r1,mock_weak,P4,same_topic,natural,0,False,0,False
mock_weak|S022|natural|r1|P4|same_topic|r1,mock_weak|S022|natural|r1,mock_weak,P4,same_topic,natural,0,False,0,False
mock_weak|S031|natural|r0|P1|same_topic|r0,mock_weak|S031|natural|r0,mock_weak,P1,same_topic,natural,3,False,6,True
mock_weak|S031|natural|r0|P1|same_topic|r1,mock_weak|S031|natural|r0,mock_weak,P1,same_topic,natural,6,True,6,False
mock_weak|S031|natural|r0|P2|same_topic|r0,mock_weak|S031|natural|r0,mock_weak,P2,same_topic,natural,0,False,0,False
mock_weak|S031|natural|r0|P2|same_topic|r1,mock_weak|S031|natural|r0,mock_weak,P2,same_topic,natural,0,False,0,False
mock_weak|S031|natural|r0|P2|unrelated|r0,mock_weak|S031|natural|r0,mock_weak,P2,unrelated,natural,0,False,0,False
mock_weak|S031|natural|r0|P2|unrelated|r1,mock_weak|S031|natural|r0,mock_weak,P2,unrelated,natural,0,False,0,False
mock_weak|S031|natural|r0|P3|same_topic|r0,mock_weak|S031|natural|r0,mock_weak,P3,same_topic,natural,0,False,0,False
mock_weak|S031|natural|r0|P3|same_topic|r1,mock_weak|S031|natural|r0,mock_weak,P3,same_topic,natural,0,False,0,False
mock_weak|S031|natural|r0|P3|unrelated|r0,mock_weak|S031|natural|r0,mock_weak,P3,unrelated,natural,0,False,0,False
mock_weak|S031|natural|r0|P3|unrelated|r1,mock_weak|S031|natural|r0,mock_weak,P3,unrelated,natural,0,False,0,False
mock_weak|S031|natural|r0|P4|same_topic|r0,mock_weak|S031|natural|r0,mock_weak,P4,same_topic,natural,0,False,0,False
mock_weak|S031|natural|r0|P4|same_topic|r1,mock_weak|S031|natural|r0,mock_weak,P4,same_topic,natural,0,False,0,False
mock_weak|S031|natural|r1|P1|same_topic|r0,mock_weak|S031|natural|r1,mock_weak,P1,same_topic,natural,1,False,5,True
mock_weak|S031|natural|r1|P1|same_topic|r1,mock_weak|S031|natural|r1,mock_weak,P1,same_topic,natural,1,False,6,True
mock_weak|S031|natural|r1|P2|same_topic|r0,mock_weak|S031|natural|r1,mock_weak,P2,same_topic,natural,0,False,0,False
mock_weak|S031|natural|r1|P2|same_topic|r1,mock_weak|S031|natural|r1,mock_weak,P2,same_topic,natural,0,False,0,False
mock_weak|S031|natural|r1|P2|unrelated|r0,mock_weak|S031|natural|r1,mock_weak,P2,unrelated,natural,0,False,0,False
mock_weak|S031|natural|r1|P2|unrelated|r1,mock_weak|S031|natural|r1,mock_weak,P2,unrelated,natural,0,False,0,False
mock_weak|S031|natural|r1|P3|same_topic|r0,mock_weak|S031|natural|r1,mock_weak,P3,same_topic,natural,2,False,6,True
mock_weak|S031|natural|r1|P3|same_topic|r1,mock_weak|S031|natural|r1,mock_weak,P3,same_topic,natural,0,False,6,True
mock_weak|S031|natural|r1|P3|unrelated|r0,mock_weak|S031|natural|r1,mock_weak,P3,unrelated,natural,6,True,6,False
mock_weak|S031|natural|r1|P3|unrelated|r1,mock_weak|S031|natural|r1,mock_weak,P3,unrelated,natural,1,False,6,True
mock_weak|S031|natural|r1|P4|same_topic|r0,mock_weak|S031|natural|r1,mock_weak,P4,same_topic,natural,0,False,0,False
mock_weak|S031|natural|r1|P4|same_topic|r1,mock_weak|S031|natural|r1,mock_weak,P4,same_topic,natural,0,False,0,False
mock_weak|S032|natural|r0|P1|same_topic|r0,mock_weak|S032|natural|r0,mock_weak,P1,same_topic,natural,3,False,6,True
mock_weak|S032|natural|r0|P1|same_topic|r1,mock_weak|S032|natural|r0,mock_weak,P1,same_topic,natural,6,True,6,False
mock_weak|S032|natural|r0|P2|same_topic|r0,mock_weak|S032|natural|r0,mock_weak,P2,same_topic,natural,0,False,0,False
mock_weak|S032|natural|r0|P2|same_topic|r1,mock_weak|S032|natural|r0,mock_weak,P2,same_topic,natural,0,False,0,False
mock_weak|S032|natural|r0|P2|unrelated|r0,mock_weak|S032|natural|r0,mock_weak,P2,unrelated,natural,0,False,0,False
mock_weak|S032|natural|r0|P2|unrelated|r1,mock_weak|S032|natural|r0,mock_weak,P2,unrelated,natural,0,False,0,False
mock_weak|S032|natural|r0|P3|same_topic|r0,mock_weak|S032|natural|r0,mock_weak,P3,same_topic,natural,2,False,6,True
mock_weak|S032|natural|r0|P3|same_topic|r1,mock_weak|S032|natural|r0,mock_weak,P3,same_topic,natural,0,False,0,False
mock_weak|S032|natural|r0|P3|unrelated|r0,mock_weak|S032|natural|r0,mock_weak,P3,unrelated,natural,2,False,6,True
mock_weak|S032|natural|r0|P3|unrelated|r1,mock_weak|S032|natural|r0,mock_weak,P3,unrelated,natural,0,False,0,False
mock_weak|S032|natural|r0|P4|same_topic|r0,mock_weak|S032|natural|r0,mock_weak,P4,same_topic,natural,0,False,0,False
mock_weak|S032|natural|r0|P4|same_topic|r1,mock_weak|S032|natural|r0,mock_weak,P4,same_topic,natural,0,False,0,False
mock_weak|S033|natural|r0|P1|same_topic|r0,mock_weak|S033|natural|r0,mock_weak,P1,same_topic,natural,6,True,6,False
mock_weak|S033|natural|r0|P1|same_topic|r1,mock_weak|S033|natural|r0,mock_weak,P1,same_topic,natural,4,False,6,True
mock_weak|S033|natural|r0|P2|same_topic|r0,mock_weak|S033|natural|r0,mock_weak,P2,same_topic,natural,0,False,0,False
mock_weak|S033|natural|r0|P2|same_topic|r1,mock_weak|S033|natural|r0,mock_weak,P2,same_topic,natural,0,False,0,False
mock_weak|S033|natural|r0|P2|unrelated|r0,mock_weak|S033|natural|r0,mock_weak,P2,unrelated,natural,0,False,0,False
mock_weak|S033|natural|r0|P2|unrelated|r1,mock_weak|S033|natural|r0,mock_weak,P2,unrelated,natural,0,False,0,False
mock_weak|S033|natural|r0|P3|same_topic|r0,mock_weak|S033|natural|r0,mock_weak,P3,same_topic,natural,5,False,5,False
mock_weak|S033|natural|r0|P3|same_topic|r1,mock_weak|S033|natural|r0,mock_weak,P3,same_topic,natural,1,False,6,True
mock_weak|S033|natural|r0|P3|unrelated|r0,mock_weak|S033|natural|r0,mock_weak,P3,unrelated,natural,5,False,5,False
mock_weak|S033|natural|r0|P3|unrelated|r1,mock_weak|S033|natural|r0,mock_weak,P3,unrelated,natural,2,False,6,True
mock_weak|S033|natural|r0|P4|same_topic|r0,mock_weak|S033|natural|r0,mock_weak,P4,same_topic,natural,0,False,0,False
mock_weak|S033|natural|r0|P4|same_topic|r1,mock_weak|S033|natural|r0,mock_weak,P4,same_topic,natural,0,False,0,False
mock_weak|S033|natural|r1|P1|same_topic|r0,mock_weak|S033|natural|r1,mock_weak,P1,same_topic,natural,0,False,6,True
mock_weak|S033|natural|r1|P1|same_topic|r1,mock_weak|S033|natural|r1,mock_weak,P1,same_topic,natural,4,False,6,True
mock_weak|S033|natural|r1|P2|same_topic|r0,mock_weak|S033|natural|r1,mock_weak,P2,same_topic,natural,0,False,0,False
mock_weak|S033|natural|r1|P2|same_topic|r1,mock_weak|S033|natural|r1,mock_weak,P2,same_topic,natural,0,False,0,False
mock_weak|S033|natural|r1|P2|unrelated|r0,mock_weak|S033|natural|r1,mock_weak,P2,unrelated,natural,0,False,0,False
mock_weak|S033|natural|r1|P2|unrelated|r1,mock_weak|S033|natural|r1,mock_weak,P2,unrelated,natural,0,False,0,False
mock_weak|S033|natural|r1|P3|same_topic|r0,mock_weak|S033|natural|r1,mock_weak,P3,same_topic,natural,6,True,6,False
mock_weak|S033|natural|r1|P3|same_topic|r1,mock_weak|S033|natural|r1,mock_weak,P3,same_topic,natural,0,False,0,False
mock_weak|S033|natural|r1|P3|unrelated|r0,mock_weak|S033|natural|r1,mock_weak,P3,unrelated,natural,0,False,5,True
mock_weak|S033|natural|r1|P3|unrelated|r1,mock_weak|S033|natural|r1,mock_weak,P3,unrelated,natural,0,False,0,False
mock_weak|S033|natural|r1|P4|same_topic|r0,mock_weak|S033|natural|r1,mock_weak,P4,same_topic,natural,0,False,0,False
mock_weak|S033|natural|r1|P4|same_topic|r1,mock_weak|S033|natural|r1,mock_weak,P4,same_topic,natural,0,False,0,False
mock_weak|S035|natural|r1|P1|same_topic|r0,mock_weak|S035|natural|r1,mock_weak,P1,same_topic,natural,0,False,6,True
mock_weak|S035|natural|r1|P1|same_topic|r1,mock_weak|S035|natural|r1,mock_weak,P1,same_topic,natural,3,False,6,True
mock_weak|S035|natural|r1|P2|same_topic|r0,mock_weak|S035|natural|r1,mock_weak,P2,same_topic,natural,0,False,0,False
mock_weak|S035|natural|r1|P2|same_topic|r1,mock_weak|S035|natural|r1,mock_weak,P2,same_topic,natural,0,False,0,False
mock_weak|S035|natural|r1|P3|same_topic|r0,mock_weak|S035|natural|r1,mock_weak,P3,same_topic,natural,0,False,0,False
mock_weak|S035|natural|r1|P3|same_topic|r1,mock_weak|S035|natural|r1,mock_weak,P3,same_topic,natural,0,False,0,False
mock_weak|S035|natural|r1|P4|same_topic|r0,mock_weak|S035|natural|r1,mock_weak,P4,same_topic,natural,0,False,0,False
mock_weak|S035|natural|r1|P4|same_topic|r1,mock_weak|S035|natural|r1,mock_weak,P4,same_topic,natural,0,False,0,False
mock_weak|S041|natural|r0|P1|same_topic|r0,mock_weak|S041|natural|r0,mock_weak,P1,same_topic,natural,3,False,6,True
mock_weak|S041|natural|r0|P1|same_topic|r1,mock_weak|S041|natural|r0,mock_weak,P1,same_topic,natural,6,True,6,False
mock_weak|S041|natural|r0|P2|same_topic|r0,mock_weak|S041|natural|r0,mock_weak,P2,same_topic,natural,0,False,0,False
mock_weak|S041|natural|r0|P2|same_topic|r1,mock_weak|S041|natural|r0,mock_weak,P2,same_topic,natural,0,False,0,False
mock_weak|S041|natural|r0|P3|same_topic|r0,mock_weak|S041|natural|r0,mock_weak,P3,same_topic,natural,0,False,0,False
mock_weak|S041|natural|r0|P3|same_topic|r1,mock_weak|S041|natural|r0,mock_weak,P3,same_topic,natural,2,False,6,True
mock_weak|S041|natural|r0|P4|same_topic|r0,mock_weak|S041|natural|r0,mock_weak,P4,same_topic,natural,0,False,0,False
mock_weak|S041|natural|r0|P4|same_topic|r1,mock_weak|S041|natural|r0,mock_weak,P4,same_topic,natural,0,False,0,False
mock_weak|S041|natural|r1|P1|same_topic|r0,mock_weak|S041|natural|r1,mock_weak,P1,same_topic,natural,2,False,5,True
mock_weak|S041|natural|r1|P1|same_topic|r1,mock_weak|S041|natural|r1,mock_weak,P1,same_topic,natural,2,False,6,True
mock_weak|S041|natural|r1|P2|same_topic|r0,mock_weak|S041|natural|r1,mock_weak,P2,same_topic,natural,0,False,0,False
mock_weak|S041|natural|r1|P2|same_topic|r1,mock_weak|S041|natural|r1,mock_weak,P2,same_topic,natural,0,False,0,False
mock_weak|S041|natural|r1|P3|same_topic|r0,mock_weak|S041|natural|r1,mock_weak,P3,same_topic,natural,0,False,0,False
mock_weak|S041|natural|r1|P3|same_topic|r1,mock_weak|S041|natural|r1,mock_weak,P3,same_topic,natural,3,False,5,True
mock_weak|S041|natural|r1|P4|same_topic|r0,mock_weak|S041|natural|r1,mock_weak,P4,same_topic,natural,0,False,0,False
mock_weak|S041|natural|r1|P4|same_topic|r1,mock_weak|S041|natural|r1,mock_weak,P4,same_topic,natural,0,False,0,False
mock_weak|S044|natural|r0|P1|same_topic|r0,mock_weak|S044|natural|r0,mock_weak,P1,same_topic,natural,6,True,6,False
mock_weak|S044|natural|r0|P1|same_topic|r1,mock_weak|S044|natural|r0,mock_weak,P1,same_topic,natural,6,True,6,False
mock_weak|S044|natural|r0|P2|same_topic|r0,mock_weak|S044|natural|r0,mock_weak,P2,same_topic,natural,0,False,0,False
mock_weak|S044|natural|r0|P2|same_topic|r1,mock_weak|S044|natural|r0,mock_weak,P2,same_topic,natural,0,False,0,False
mock_weak|S044|natural|r0|P3|same_topic|r0,mock_weak|S044|natural|r0,mock_weak,P3,same_topic,natural,0,False,0,False
mock_weak|S044|natural|r0|P3|same_topic|r1,mock_weak|S044|natural|r0,mock_weak,P3,same_topic,natural,0,False,0,False
mock_weak|S044|natural|r0|P4|same_topic|r0,mock_weak|S044|natural|r0,mock_weak,P4,same_topic,natural,0,False,0,False
mock_weak|S044|natural|r0|P4|same_topic|r1,mock_weak|S044|natural|r0,mock_weak,P4,same_topic,natural,0,False,0,False
mock_weak|S044|natural|r1|P1|same_topic|r0,mock_weak|S044|natural|r1,mock_weak,P1,same_topic,natural,6,True,6,False
mock_weak|S044|natural|r1|P1|same_topic|r1,mock_weak|S044|natural|r1,mock_weak,P1,same_topic,natural,2,False,5,True
mock_weak|S044|natural|r1|P2|same_topic|r0,mock_weak|S044|natural|r1,mock_weak,P2,same_topic,natural,0,False,0,False
mock_weak|S044|natural|r1|P2|same_topic|r1,mock_weak|S044|natural|r1,mock_weak,P2,same_topic,natural,0,False,0,False
mock_weak|S044|natural|r1|P3|same_topic|r0,mock_weak|S044|natural|r1,mock_weak,P3,same_topic,natural,6,True,6,False
mock_weak|S044|natural|r1|P3|same_topic|r1,mock_weak|S044|natural|r1,mock_weak,P3,same_topic,natural,0,False,0,False
mock_weak|S044|natural|r1|P4|same_topic|r0,mock_weak|S044|natural|r1,mock_weak,P4,same_topic,natural,0,False,0,False
mock_weak|S044|natural|r1|P4|same_topic|r1,mock_weak|S044|natural|r1,mock_weak,P4,same_topic,natural,0,False,0,False
mock_weak|S046|natural|r0|P1|same_topic|r0,mock_weak|S046|natural|r0,mock_weak,P1,same_topic,natural,4,False,6,True
mock_weak|S046|natural|r0|P1|same_topic|r1,mock_weak|S046|natural|r0,mock_weak,P1,same_topic,natural,2,False,6,True
mock_weak|S046|natural|r0|P2|same_topic|r0,mock_weak|S046|natural|r0,mock_weak,P2,same_topic,natural,0,False,0,False
mock_weak|S046|natural|r0|P2|same_topic|r1,mock_weak|S046|natural|r0,mock_weak,P2,same_topic,natural,0,False,0,False
mock_weak|S046|natural|r0|P3|same_topic|r0,mock_weak|S046|natural|r0,mock_weak,P3,same_topic,natural,6,True,6,False
mock_weak|S046|natural|r0|P3|same_topic|r1,mock_weak|S046|natural|r0,mock_weak,P3,same_topic,natural,0,False,0,False
mock_weak|S046|natural|r0|P4|same_topic|r0,mock_weak|S046|natural|r0,mock_weak,P4,same_topic,natural,0,False,0,False
mock_weak|S046|natural|r0|P4|same_topic|r1,mock_weak|S046|natural|r0,mock_weak,P4,same_topic,natural,0,False,0,False
mock_weak|S046|natural|r1|P1|same_topic|r0,mock_weak|S046|natural|r1,mock_weak,P1,same_topic,natural,6,True,6,False
mock_weak|S046|natural|r1|P1|same_topic|r1,mock_weak|S046|natural|r1,mock_weak,P1,same_topic,natural,0,False,6,True
mock_weak|S046|natural|r1|P2|same_topic|r0,mock_weak|S046|natural|r1,mock_weak,P2,same_topic,natural,0,False,0,False
mock_weak|S046|natural|r1|P2|same_topic|r1,mock_weak|S046|natural|r1,mock_weak,P2,same_topic,natural,0,False,0,False
mock_weak|S046|natural|r1|P3|same_topic|r0,mock_weak|S046|natural|r1,mock_weak,P3,same_topic,natural,6,True,6,False
mock_weak|S046|natural|r1|P3|same_topic|r1,mock_weak|S046|natural|r1,mock_weak,P3,same_topic,natural,0,False,0,False
mock_weak|S046|natural|r1|P4|same_topic|r0,mock_weak|S046|natural|r1,mock_weak,P4,same_topic,natural,0,False,0,False
mock_weak|S046|natural|r1|P4|same_topic|r1,mock_weak|S046|natural|r1,mock_weak,P4,same_topic,natural,0,False,0,False
mock_weak|S050|natural|r1|P1|same_topic|r0,mock_weak|S050|natural|r1,mock_weak,P1,same_topic,natural,6,True,6,False
mock_weak|S050|natural|r1|P1|same_topic|r1,mock_weak|S050|natural|r1,mock_weak,P1,same_topic,natural,1,False,6,True
mock_weak|S050|natural|r1|P2|same_topic|r0,mock_weak|S050|natural|r1,mock_weak,P2,same_topic,natural,0,False,0,False
mock_weak|S050|natural|r1|P2|same_topic|r1,mock_weak|S050|natural|r1,mock_weak,P2,same_topic,natural,0,False,0,False
mock_weak|S050|natural|r1|P2|unrelated|r0,mock_weak|S050|natural|r1,mock_weak,P2,unrelated,natural,0,False,0,False
mock_weak|S050|natural|r1|P2|unrelated|r1,mock_weak|S050|natural|r1,mock_weak,P2,unrelated,natural,0,False,0,False
mock_weak|S050|natural|r1|P3|same_topic|r0,mock_weak|S050|natural|r1,mock_weak,P3,same_topic,natural,6,True,6,False
mock_weak|S050|natural|r1|P3|same_topic|r1,mock_weak|S050|natural|r1,mock_weak,P3,same_topic,natural,0,False,0,False
mock_weak|S050|natural|r1|P3|unrelated|r0,mock_weak|S050|natural|r1,mock_weak,P3,unrelated,natural,6,True,6,False
mock_weak|S050|natural|r1|P3|unrelated|r1,mock_weak|S050|natural|r1,mock_weak,P3,unrelated,natural,0,False,0,False
mock_weak|S050|natural|r1|P4|same_topic|r0,mock_weak|S050|natural|r1,mock_weak,P4,same_topic,natural,0,False,0,False
mock_weak|S050|natural|r1|P4|same_topic|r1,mock_weak|S050|natural|r1,mock_weak,P4,same_topic,natural,0,False,0,False
mock_weak|S053|natural|r0|P1|same_topic|r0,mock_weak|S053|natural|r0,mock_weak,P1,same_topic,natural,5,False,5,False
mock_weak|S053|natural|r0|P1|same_topic|r1,mock_weak|S053|natural|r0,mock_weak,P1,same_topic,natural,2,False,6,True
mock_weak|S053|natural|r0|P2|same_topic|r0,mock_weak|S053|natural|r0,mock_weak,P2,same_topic,natural,3,False,6,True
mock_weak|S053|natural|r0|P2|same_topic|r1,mock_weak|S053|natural|r0,mock_weak,P2,same_topic,natural,6,True,6,False
mock_weak|S053|natural|r0|P2|unrelated|r0,mock_weak|S053|natural|r0,mock_weak,P2,unrelated,natural,6,True,6,False
mock_weak|S053|natural|r0|P2|unrelated|r1,mock_weak|S053|natural|r0,mock_weak,P2,unrelated,natural,0,False,6,True
mock_weak|S053|natural|r0|P3|same_topic|r0,mock_weak|S053|natural|r0,mock_weak,P3,same_topic,natural,0,False,0,False
mock_weak|S053|natural|r0|P3|same_topic|r1,mock_weak|S053|natural|r0,mock_weak,P3,same_topic,natural,0,False,0,False
mock_weak|S053|natural|r0|P3|unrelated|r0,mock_weak|S053|natural|r0,mock_weak,P3,unrelated,natural,0,False,0,False
mock_weak|S053|natural|r0|P3|unrelated|r1,mock_weak|S053|natural|r0,mock_weak,P3,unrelated,natural,0,False,0,False
mock_weak|S053|natural|r0|P4|same_topic|r0,mock_weak|S053|natural|r0,mock_weak,P4,same_topic,natural,0,False,0,False
mock_weak|S053|natural|r0|P4|same_topic|r1,mock_weak|S053|natural|r0,mock_weak,P4,same_topic,natural,0,False,0,False
mock_weak|S053|natural|r1|P1|same_topic|r0,mock_weak|S053|natural|r1,mock_weak,P1,same_topic,natural,6,True,6,False
mock_weak|S053|natural|r1|P1|same_topic|r1,mock_weak|S053|natural|r1,mock_weak,P1,same_topic,natural,6,True,6,False
mock_weak|S053|natural|r1|P2|same_topic|r0,mock_weak|S053|natural|r1,mock_weak,P2,same_topic,natural,0,False,6,True
mock_weak|S053|natural|r1|P2|same_topic|r1,mock_weak|S053|natural|r1,mock_weak,P2,same_topic,natural,5,False,5,False
mock_weak|S053|natural|r1|P2|unrelated|r0,mock_weak|S053|natural|r1,mock_weak,P2,unrelated,natural,0,False,4,True
mock_weak|S053|natural|r1|P2|unrelated|r1,mock_weak|S053|natural|r1,mock_weak,P2,unrelated,natural,6,True,6,False
mock_weak|S053|natural|r1|P3|same_topic|r0,mock_weak|S053|natural|r1,mock_weak,P3,same_topic,natural,0,False,6,True
mock_weak|S053|natural|r1|P3|same_topic|r1,mock_weak|S053|natural|r1,mock_weak,P3,same_topic,natural,0,False,0,False
mock_weak|S053|natural|r1|P3|unrelated|r0,mock_weak|S053|natural|r1,mock_weak,P3,unrelated,natural,6,True,6,False
mock_weak|S053|natural|r1|P3|unrelated|r1,mock_weak|S053|natural|r1,mock_weak,P3,unrelated,natural,0,False,0,False
mock_weak|S053|natural|r1|P4|same_topic|r0,mock_weak|S053|natural|r1,mock_weak,P4,same_topic,natural,0,False,0,False
mock_weak|S053|natural|r1|P4|same_topic|r1,mock_weak|S053|natural|r1,mock_weak,P4,same_topic,natural,0,False,0,False
mock_weak|S054|natural|r0|P1|same_topic|r0,mock_weak|S054|natural|r0,mock_weak,P1,same_topic,natural,6,True,6,False
mock_weak|S054|natural|r0|P1|same_topic|r1,mock_weak|S054|natural|r0,mock_weak,P1,same_topic,natural,6,True,6,False
mock_weak|S054|natural|r0|P2|same_topic|r0,mock_weak|S054|natural|r0,mock_weak,P2,same_topic,natural,0,False,6,True
mock_weak|S054|natural|r0|P2|same_topic|r1,mock_weak|S054|natural|r0,mock_weak,P2,same_topic,natural,0,False,0,False
mock_weak|S054|natural|r0|P2|unrelated|r0,mock_weak|S054|natural|r0,mock_weak,P2,unrelated,natural,6,True,6,False
mock_weak|S054|natural|r0|P2|unrelated|r1,mock_weak|S054|natural|r0,mock_weak,P2,unrelated,natural,6,True,6,False
mock_weak|S054|natural|r0|P3|same_topic|r0,mock_weak|S054|natural|r0,mock_weak,P3,same_topic,natural,6,True,6,False
mock_weak|S054|natural|r0|P3|same_topic|r1,mock_weak|S054|natural|r0,mock_weak,P3,same_topic,natural,6,True,6,False
mock_weak|S054|natural|r0|P3|unrelated|r0,mock_weak|S054|natural|r0,mock_weak,P3,unrelated,natural,1,False,6,True
mock_weak|S054|natural|r0|P3|unrelated|r1,mock_weak|S054|natural|r0,mock_weak,P3,unrelated,natural,6,True,6,False
mock_weak|S054|natural|r0|P4|same_topic|r0,mock_weak|S054|natural|r0,mock_weak,P4,same_topic,natural,0,False,0,False
mock_weak|S054|natural|r0|P4|same_topic|r1,mock_weak|S054|natural|r0,mock_weak,P4,same_topic,natural,0,False,0,False
mock_weak|S054|natural|r1|P1|same_topic|r0,mock_weak|S054|natural|r1,mock_weak,P1,same_topic,natural,6,True,6,False
mock_weak|S054|natural|r1|P1|same_topic|r1,mock_weak|S054|natural|r1,mock_weak,P1,same_topic,natural,1,False,6,True
mock_weak|S054|natural|r1|P2|same_topic|r0,mock_weak|S054|natural|r1,mock_weak,P2,same_topic,natural,6,True,6,False
mock_weak|S054|natural|r1|P2|same_topic|r1,mock_weak|S054|natural|r1,mock_weak,P2,same_topic,natural,6,True,6,False
mock_weak|S054|natural|r1|P2|unrelated|r0,mock_weak|S054|natural|r1,mock_weak,P2,unrelated,natural,6,True,6,False
mock_weak|S054|natural|r1|P2|unrelated|r1,mock_weak|S054|natural|r1,mock_weak,P2,unrelated,natural,6,True,6,False
mock_weak|S054|natural|r1|P3|same_topic|r0,mock_weak|S054|natural|r1,mock_weak,P3,same_topic,natural,0,False,0,False
mock_weak|S054|natural|r1|P3|same_topic|r1,mock_weak|S054|natural|r1,mock_weak,P3,same_topic,natural,6,True,6,False
mock_weak|S054|natural|r1|P3|unrelated|r0,mock_weak|S054|natural|r1,mock_weak,P3,unrelated,natural,0,False,0,False
mock_weak|S054|natural|r1|P3|unrelated|r1,mock_weak|S054|natural|r1,mock_weak,P3,unrelated,natural,0,False,6,True
mock_weak|S054|natural|r1|P4|same_topic|r0,mock_weak|S054|natural|r1,mock_weak,P4,same_topic,natural,0,False,0,False
mock_weak|S054|natural|r1|P4|same_topic|r1,mock_weak|S054|natural|r1,mock_weak,P4,same_topic,natural,0,False,0,False
mock_weak|S055|natural|r0|P1|same_topic|r0,mock_weak|S055|natural|r0,mock_weak,P1,same_topic,natural,6,True,6,False
mock_weak|S055|natural|r0|P1|same_topic|r1,mock_weak|S055|natural|r0,mock_weak,P1,same_topic,natural,6,True,6,False
mock_weak|S055|natural|r0|P2|same_topic|r0,mock_weak|S055|natural|r0,mock_weak,P2,same_topic,natural,2,False,6,True
mock_weak|S055|natural|r0|P2|same_topic|r1,mock_weak|S055|natural|r0,mock_weak,P2,same_topic,natural,6,True,6,False
mock_weak|S055|natural|r0|P2|unrelated|r0,mock_weak|S055|natural|r0,mock_weak,P2,unrelated,natural,6,True,6,False
mock_weak|S055|natural|r0|P2|unrelated|r1,mock_weak|S055|natural|r0,mock_weak,P2,unrelated,natural,0,False,5,True
mock_weak|S055|natural|r0|P3|same_topic|r0,mock_weak|S055|natural|r0,mock_weak,P3,same_topic,natural,0,False,6,True
mock_weak|S055|natural|r0|P3|same_topic|r1,mock_weak|S055|natural|r0,mock_weak,P3,same_topic,natural,0,False,0,False
mock_weak|S055|natural|r0|P3|unrelated|r0,mock_weak|S055|natural|r0,mock_weak,P3,unrelated,natural,2,False,6,True
mock_weak|S055|natural|r0|P3|unrelated|r1,mock_weak|S055|natural|r0,mock_weak,P3,unrelated,natural,0,False,0,False
mock_weak|S055|natural|r0|P4|same_topic|r0,mock_weak|S055|natural|r0,mock_weak,P4,same_topic,natural,0,False,0,False
mock_weak|S055|natural|r0|P4|same_topic|r1,mock_weak|S055|natural|r0,mock_weak,P4,same_topic,natural,0,False,0,False
mock_weak|S056|natural|r0|P1|same_topic|r0,mock_weak|S056|natural|r0,mock_weak,P1,same_topic,natural,6,True,6,False
mock_weak|S056|natural|r0|P1|same_topic|r1,mock_weak|S056|natural|r0,mock_weak,P1,same_topic,natural,0,False,6,True
mock_weak|S056|natural|r0|P2|same_topic|r0,mock_weak|S056|natural|r0,mock_weak,P2,same_topic,natural,0,False,6,True
mock_weak|S056|natural|r0|P2|same_topic|r1,mock_weak|S056|natural|r0,mock_weak,P2,same_topic,natural,4,False,6,True
mock_weak|S056|natural|r0|P2|unrelated|r0,mock_weak|S056|natural|r0,mock_weak,P2,unrelated,natural,6,True,6,False
mock_weak|S056|natural|r0|P2|unrelated|r1,mock_weak|S056|natural|r0,mock_weak,P2,unrelated,natural,0,False,6,True
mock_weak|S056|natural|r0|P3|same_topic|r0,mock_weak|S056|natural|r0,mock_weak,P3,same_topic,natural,6,True,6,False
mock_weak|S056|natural|r0|P3|same_topic|r1,mock_weak|S056|natural|r0,mock_weak,P3,same_topic,natural,0,False,0,False
mock_weak|S056|natural|r0|P3|unrelated|r0,mock_weak|S056|natural|r0,mock_weak,P3,unrelated,natural,6,True,6,False
mock_weak|S056|natural|r0|P3|unrelated|r1,mock_weak|S056|natural|r0,mock_weak,P3,unrelated,natural,0,False,0,False
mock_weak|S056|natural|r0|P4|same_topic|r0,mock_weak|S056|natural|r0,mock_weak,P4,same_topic,natural,0,False,0,False
mock_weak|S056|natural|r0|P4|same_topic|r1,mock_weak|S056|natural|r0,mock_weak,P4,same_topic,natural,0,False,0,False
mock_weak|S056|natural|r1|P1|same_topic|r0,mock_weak|S056|natural|r1,mock_weak,P1,same_topic,natural,6,True,6,False
mock_weak|S056|natural|r1|P1|same_topic|r1,mock_weak|S056|natural|r1,mock_weak,P1,same_topic,natural,6,True,6,False
mock_weak|S056|natural|r1|P2|same_topic|r0,mock_weak|S056|natural|r1,mock_weak,P2,same_topic,natural,0,False,6,True
mock_weak|S056|natural|r1|P2|same_topic|r1,mock_weak|S056|natural|r1,mock_weak,P2,same_topic,natural,6,True,6,False
mock_weak|S056|natural|r1|P2|unrelated|r0,mock_weak|S056|natural|r1,mock_weak,P2,unrelated,natural,6,True,6,False
mock_weak|S056|natural|r1|P2|unrelated|r1,mock_weak|S056|natural|r1,mock_weak,P2,unrelated,natural,2,False,6,True
mock_weak|S056|natural|r1|P3|same_topic|r0,mock_weak|S056|natural|r1,mock_weak,P3,same_topic,natural,3,False,6,True
mock_weak|S056|natural|r1|P3|same_topic|r1,mock_weak|S056|natural|r1,mock_weak,P3,same_topic,natural,0,False,0,False
mock_weak|S056|natural|r1|P3|unrelated|r0,mock_weak|S056|natural|r1,mock_weak,P3,unrelated,natural,0,False,6,True
mock_weak|S056|natural|r1|P3|unrelated|r1,mock_weak|S056|natural|r1,mock_weak,P3,unrelated,natural,0,False,0,False
mock_weak|S056|natural|r1|P4|same_topic|r0,mock_weak|S056|natural|r1,mock_weak,P4,same_topic,natural,0,False,0,False
mock_weak|S056|natural|r1|P4|same_topic|r1,mock_weak|S056|natural|r1,mock_weak,P4,same_topic,natural,0,False,0,False
mock_weak|S057|natural|r0|P1|same_topic|r0,mock_weak|S057|natural|r0,mock_weak,P1,same_topic,natural,1,False,4,True
mock_weak|S057|natural|r0|P1|same_topic|r1,mock_weak|S057|natural|r0,mock_weak,P1,same_topic,natural,6,True,6,False
mock_weak|S057|natural|r0|P2|same_topic|r0,mock_weak|S057|natural|r0,mock_weak,P2,same_topic,natural,0,False,0,False
mock_weak|S057|natural|r0|P2|same_topic|r1,mock_weak|S057|natural|r0,mock_weak,P2,same_topic,natural,0,False,0,False
mock_weak|S057|natural|r0|P2|unrelated|r0,mock_weak|S057|natural|r0,mock_weak,P2,unrelated,natural,0,False,0,False
mock_weak|S057|natural|r0|P2|unrelated|r1,mock_weak|S057|natural|r0,mock_weak,P2,unrelated,natural,0,False,0,False
mock_weak|S057|natural|r0|P3|same_topic|r0,mock_weak|S057|natural|r0,mock_weak,P3,same_topic,natural,2,False,6,True
mock_weak|S057|natural|r0|P3|same_topic|r1,mock_weak|S057|natural|r0,mock_weak,P3,same_topic,natural,1,False,6,True
mock_weak|S057|natural|r0|P3|unrelated|r0,mock_weak|S057|natural|r0,mock_weak,P3,unrelated,natural,6,True,6,False
mock_weak|S057|natural|r0|P3|unrelated|r1,mock_weak|S057|natural|r0,mock_weak,P3,unrelated,natural,1,False,6,True
mock_weak|S057|natural|r0|P4|same_topic|r0,mock_weak|S057|natural|r0,mock_weak,P4,same_topic,natural,0,False,0,False
mock_weak|S057|natural|r0|P4|same_topic|r1,mock_weak|S057|natural|r0,mock_weak,P4,same_topic,natural,0,False,0,False
mock_weak|S058|natural|r0|P1|same_topic|r0,mock_weak|S058|natural|r0,mock_weak,P1,same_topic,natural,6,True,6,False
mock_weak|S058|natural|r0|P1|same_topic|r1,mock_weak|S058|natural|r0,mock_weak,P1,same_topic,natural,1,False,6,True
mock_weak|S058|natural|r0|P2|same_topic|r0,mock_weak|S058|natural|r0,mock_weak,P2,same_topic,natural,0,False,0,False
mock_weak|S058|natural|r0|P2|same_topic|r1,mock_weak|S058|natural|r0,mock_weak,P2,same_topic,natural,0,False,0,False
mock_weak|S058|natural|r0|P2|unrelated|r0,mock_weak|S058|natural|r0,mock_weak,P2,unrelated,natural,0,False,0,False
mock_weak|S058|natural|r0|P2|unrelated|r1,mock_weak|S058|natural|r0,mock_weak,P2,unrelated,natural,0,False,0,False
mock_weak|S058|natural|r0|P3|same_topic|r0,mock_weak|S058|natural|r0,mock_weak,P3,same_topic,natural,0,False,0,False
mock_weak|S058|natural|r0|P3|same_topic|r1,mock_weak|S058|natural|r0,mock_weak,P3,same_topic,natural,0,False,0,False
mock_weak|S058|natural|r0|P3|unrelated|r0,mock_weak|S058|natural|r0,mock_weak,P3,unrelated,natural,0,False,0,False
mock_weak|S058|natural|r0|P3|unrelated|r1,mock_weak|S058|natural|r0,mock_weak,P3,unrelated,natural,0,False,0,False
mock_weak|S058|natural|r0|P4|same_topic|r0,mock_weak|S058|natural|r0,mock_weak,P4,same_topic,natural,0,False,0,False
mock_weak|S058|natural|r0|P4|same_topic|r1,mock_weak|S058|natural|r0,mock_weak,P4,same_topic,natural,0,False,0,False
mock_weak|S058|natural|r1|P1|same_topic|r0,mock_weak|S058|natural|r1,mock_weak,P1,same_topic,natural,2,False,6,True
mock_weak|S058|natural|r1|P1|same_topic|r1,mock_weak|S058|natural|r1,mock_weak,P1,same_topic,natural,2,False,6,True
mock_weak|S058|natural|r1|P2|same_topic|r0,mock_weak|S058|natural|r1,mock_weak,P2,same_topic,natural,0,False,0,False
mock_weak|S058|natural|r1|P2|same_topic|r1,mock_weak|S058|natural|r1,mock_weak,P2,same_topic,natural,0,False,0,False
mock_weak|S058|natural|r1|P2|unrelated|r0,mock_weak|S058|natural|r1,mock_weak,P2,unrelated,natural,0,False,0,False
mock_weak|S058|natural|r1|P2|unrelated|r1,mock_weak|S058|natural|r1,mock_weak,P2,unrelated,natural,0,False,0,False
mock_weak|S058|natural|r1|P3|same_topic|r0,mock_weak|S058|natural|r1,mock_weak,P3,same_topic,natural,0,False,0,False
mock_weak|S058|natural|r1|P3|same_topic|r1,mock_weak|S058|natural|r1,mock_weak,P3,same_topic,natural,6,True,6,False
mock_weak|S058|natural|r1|P3|unrelated|r0,mock_weak|S058|natural|r1,mock_weak,P3,unrelated,natural,0,False,0,False
mock_weak|S058|natural|r1|P3|unrelated|r1,mock_weak|S058|natural|r1,mock_weak,P3,unrelated,natural,1,False,6,True
mock_weak|S058|natural|r1|P4|same_topic|r0,mock_weak|S058|natural|r1,mock_weak,P4,same_topic,natural,0,False,0,False
mock_weak|S058|natural|r1|P4|same_topic|r1,mock_weak|S058|natural|r1,mock_weak,P4,same_topic,natural,0,False,0,False
mock_weak|S059|natural|r0|P1|same_topic|r0,mock_weak|S059|natural|r0,mock_weak,P1,same_topic,natural,4,False,6,True
mock_weak|S059|natural|r0|P1|same_topic|r1,mock_weak|S059|natural|r0,mock_weak,P1,same_topic,natural,0,False,6,True
mock_weak|S059|natural|r0|P2|same_topic|r0,mock_weak|S059|natural|r0,mock_weak,P2,same_topic,natural,0,False,0,False
mock_weak|S059|natural|r0|P2|same_topic|r1,mock_weak|S059|natural|r0,mock_weak,P2,same_topic,natural,0,False,0,False
mock_weak|S059|natural|r0|P2|unrelated|r0,mock_weak|S059|natural|r0,mock_weak,P2,unrelated,natural,0,False,0,False
mock_weak|S059|natural|r0|P2|unrelated|r1,mock_weak|S059|natural|r0,mock_weak,P2,unrelated,natural,0,False,0,False
mock_weak|S059|natural|r0|P3|same_topic|r0,mock_weak|S059|natural|r0,mock_weak,P3,same_topic,natural,0,False,6,True
mock_weak|S059|natural|r0|P3|same_topic|r1,mock_weak|S059|natural|r0,mock_weak,P3,same_topic,natural,0,False,0,False
mock_weak|S059|natural|r0|P3|unrelated|r0,mock_weak|S059|natural|r0,mock_weak,P3,unrelated,natural,0,False,6,True
mock_weak|S059|natural|r0|P3|unrelated|r1,mock_weak|S059|natural|r0,mock_weak,P3,unrelated,natural,0,False,0,False
mock_weak|S059|natural|r0|P4|same_topic|r0,mock_weak|S059|natural|r0,mock_weak,P4,same_topic,natural,0,False,0,False
mock_weak|S059|natural|r0|P4|same_topic|r1,mock_weak|S059|natural|r0,mock_weak,P4,same_topic,natural,0,False,0,False
mock_weak|S059|natural|r1|P1|same_topic|r0,mock_weak|S059|natural|r1,mock_weak,P1,same_topic,natural,4,False,6,True
mock_weak|S059|natural|r1|P1|same_topic|r1,mock_weak|S059|natural|r1,mock_weak,P1,same_topic,natural,1,False,6,True
mock_weak|S059|natural|r1|P2|same_topic|r0,mock_weak|S059|natural|r1,mock_weak,P2,same_topic,natural,0,False,0,False
mock_weak|S059|natural|r1|P2|same_topic|r1,mock_weak|S059|natural|r1,mock_weak,P2,same_topic,natural,0,False,0,False
mock_weak|S059|natural|r1|P2|unrelated|r0,mock_weak|S059|natural|r1,mock_weak,P2,unrelated,natural,0,False,0,False
mock_weak|S059|natural|r1|P2|unrelated|r1,mock_weak|S059|natural|r1,mock_weak,P2,unrelated,natural,0,False,0,False
mock_weak|S059|natural|r1|P3|same_topic|r0,mock_weak|S059|natural|r1,mock_weak,P3,same_topic,natural,0,False,6,True
mock_weak|S059|natural|r1|P3|same_topic|r1,mock_weak|S059|natural|r1,mock_weak,P3,same_topic,natural,0,False,0,False
mock_weak|S059|natural|r1|P3|unrelated|r0,mock_weak|S059|natural|r1,mock_weak,P3,unrelated,natural,1,False,5,True
mock_weak|S059|natural|r1|P3|unrelated|r1,mock_weak|S059|natural|r1,mock_weak,P3,unrelated,natural,0,False,0,False
mock_weak|S059|natural|r1|P4|same_topic|r0,mock_weak|S059|natural|r1,mock_weak,P4,same_topic,natural,0,False,0,False
mock_weak|S059|natural|r1|P4|same_topic|r1,mock_weak|S059|natural|r1,mock_weak,P4,same_topic,natural,0,False,0,False
mock_weak|S060|natural|r1|P1|same_topic|r0,mock_weak|S060|natural|r1,mock_weak,P1,same_topic,natural,2,False,6,True
mock_weak|S060|natural|r1|P1|same_topic|r1,mock_weak|S060|natural|r1,mock_weak,P1,same_topic,natural,5,False,5,False
mock_weak|S060|natural|r1|P2|same_topic|r0,mock_weak|S060|natural|r1,mock_weak,P2,same_topic,natural,0,False,0,False
mock_weak|S060|natural|r1|P2|same_topic|r1,mock_weak|S060|natural|r1,mock_weak,P2,same_topic,natural,0,False,0,False
mock_weak|S060|natural|r1|P2|unrelated|r0,mock_weak|S060|natural|r1,mock_weak,P2,unrelated,natural,0,False,0,False
mock_weak|S060|natural|r1|P2|unrelated|r1,mock_weak|S060|natural|r1,mock_weak,P2,unrelated,natural,0,False,0,False
mock_weak|S060|natural|r1|P3|same_topic|r0,mock_weak|S060|natural|r1,mock_weak,P3,same_topic,natural,0,False,0,False
mock_weak|S060|natural|r1|P3|same_topic|r1,mock_weak|S060|natural|r1,mock_weak,P3,same_topic,natural,0,False,0,False
mock_weak|S060|natural|r1|P3|unrelated|r0,mock_weak|S060|natural|r1,mock_weak,P3,unrelated,natural,0,False,0,False
mock_weak|S060|natural|r1|P3|unrelated|r1,mock_weak|S060|natural|r1,mock_weak,P3,unrelated,natural,0,False,0,False
mock_weak|S060|natural|r1|P4|same_topic|r0,mock_weak|S060|natural|r1,mock_weak,P4,same_topic,natural,0,False,0,False
mock_weak|S060|natural|r1|P4|same_topic|r1,mock_weak|S060|natural|r1,mock_weak,P4,same_topic,natural,0,False,0,False
